CustomerID,Age,Tenure,PlanType,MonthlyCharges,SatisfactionScore,CustomerSupportCalls,DiscountUsage,AppUsageHours,ComplaintFrequency,SocialMediaEngagement,Churn
1,56,4,Basic,314.23,7,5,5,6.4,0,Low,No
2,69,9,Premium,369.43,10,9,3,3.9,3,Medium,No
3,46,3,Basic,1120.05,2,1,0,6.4,4,Medium,No
4,32,8,Premium,619.37,4,9,0,6.8,3,Low,Yes
5,60,5,Basic,682.29,9,3,5,5.4,3,High,No
6,25,1,Basic,493.81,6,9,0,2.2,4,Medium,No
7,38,0,Plus,837.39,8,8,1,2.6,4,Low,No
8,56,4,Basic,835.32,2,8,0,2.9,3,Low,Yes
9,36,8,Plus,634.98,7,5,4,1.4,2,Low,No
10,40,5,Plus,599.73,6,3,4,2.5,4,High,No
11,28,9,Plus,1096.47,9,6,0,2.1,0,Medium,No
12,28,6,Premium,644.96,7,0,5,3.9,1,Medium,No
13,41,4,Premium,744.15,1,3,4,7.3,2,Medium,No
14,53,9,Premium,554.97,8,4,3,1.3,4,High,No
15,57,5,Premium,1008.09,10,7,4,5.9,4,Medium,No
16,41,4,Basic,657.7,3,1,0,5.7,2,Medium,No
17,20,8,Basic,762.25,2,4,5,1.2,1,Medium,No
18,39,5,Premium,528.02,3,5,2,7.4,3,Medium,Yes
19,19,7,Basic,1188.89,6,4,5,4.8,0,High,No
20,41,1,Basic,562.35,3,8,5,3.2,4,Low,Yes
21,61,8,Plus,993.67,10,9,5,6.2,1,Low,No
22,47,4,Plus,684.75,5,0,3,2.4,0,Medium,No
23,55,6,Plus,485.6,6,2,1,5.7,2,Medium,No
24,19,9,Plus,1019.75,8,1,0,0.8,4,Medium,No
25,38,0,Basic,600.25,7,2,1,6.8,3,High,No
26,50,9,Premium,1078.67,8,9,2,3.9,2,Medium,No
27,29,4,Basic,1123.73,3,8,1,5.3,4,High,Yes
28,39,9,Basic,1073.84,4,8,0,2.2,1,Medium,No
29,61,1,Basic,331.51,6,9,0,5.6,0,Medium,No
30,42,5,Plus,1008.64,7,1,2,6.3,0,Low,No
31,66,0,Plus,670.21,9,2,0,4.0,4,Medium,No
32,44,2,Plus,1086.35,1,3,2,5.1,2,High,No
33,59,4,Premium,874.16,8,8,2,3.9,3,Low,No
34,45,3,Basic,1050.28,8,2,0,7.2,1,High,No
35,33,2,Premium,749.49,6,6,4,4.2,4,Low,No
36,32,9,Plus,781.52,4,2,2,6.8,1,High,No
37,64,4,Premium,429.95,3,6,0,6.5,0,Low,No
38,68,7,Basic,1005.59,3,6,4,3.6,3,High,Yes
39,61,3,Basic,677.45,6,8,2,2.2,1,High,No
40,69,0,Plus,750.07,8,1,4,3.5,4,Medium,No
41,20,6,Plus,1006.59,7,5,3,6.7,3,Low,No
42,54,7,Premium,838.96,1,8,5,2.2,2,Low,Yes
43,68,2,Plus,480.99,6,1,3,4.4,4,Medium,No
44,24,5,Plus,831.21,7,1,4,6.5,1,High,No
45,38,1,Basic,666.87,7,4,2,3.2,3,High,No
46,26,6,Plus,722.57,9,9,0,5.3,4,Low,No
47,56,7,Plus,325.48,10,9,1,2.3,3,High,No
48,35,5,Basic,489.03,5,9,0,1.3,3,Low,No
49,21,5,Basic,552.93,1,7,1,6.5,3,Low,Yes
50,42,4,Premium,941.66,2,8,1,1.2,1,High,No
51,31,7,Plus,310.34,4,1,2,2.5,4,High,No
52,67,0,Basic,667.9,5,4,4,6.9,0,High,No
53,26,9,Premium,1131.62,9,6,0,3.1,0,Medium,No
54,43,3,Premium,400.69,1,5,4,7.8,1,Low,No
55,19,3,Plus,764.78,3,5,3,7.8,1,High,No
56,37,2,Plus,1007.87,5,6,2,2.5,3,Medium,No
57,45,2,Premium,1148.28,3,2,2,0.8,4,High,No
58,64,3,Basic,972.1,4,2,3,5.8,4,Low,No
59,24,0,Premium,948.51,3,9,0,3.9,2,Medium,Yes
60,61,1,Plus,1043.84,4,8,5,1.3,2,Low,Yes
61,25,8,Basic,701.58,1,7,3,5.8,0,High,No
62,64,9,Basic,1025.26,8,4,0,0.7,2,High,No
63,52,1,Premium,307.17,4,5,1,7.0,2,High,Yes
64,31,4,Plus,1132.1,7,9,2,1.5,0,Medium,No
65,34,8,Premium,698.98,2,0,0,1.5,0,Medium,No
66,53,8,Premium,798.04,2,9,4,1.8,2,Medium,Yes
67,67,7,Premium,529.39,6,0,4,7.7,4,Medium,No
68,57,0,Basic,968.28,2,3,2,5.7,2,High,No
69,21,0,Basic,368.97,6,1,3,6.5,3,High,No
70,19,8,Plus,1085.37,2,6,5,3.5,3,High,Yes
71,23,7,Plus,1045.31,4,1,3,3.0,3,Medium,No
72,59,9,Premium,494.45,7,9,0,2.3,1,Medium,No
73,21,8,Premium,1028.39,8,1,3,4.1,3,High,No
74,46,6,Premium,1007.72,3,4,2,4.6,4,High,Yes
75,35,2,Plus,868.99,9,3,0,5.2,1,Medium,No
76,43,2,Basic,636.17,2,7,1,2.4,1,Low,No
77,61,1,Basic,544.35,8,3,3,7.6,3,High,No
78,51,4,Premium,508.61,8,5,3,1.8,2,High,No
79,27,2,Premium,586.75,4,4,5,7.7,0,High,No
80,53,5,Premium,1113.2,1,1,0,0.6,2,Medium,No
81,31,1,Premium,369.88,1,7,4,4.1,2,High,Yes
82,48,2,Plus,1045.98,2,1,3,3.0,1,High,No
83,65,4,Basic,614.0,9,8,2,3.9,1,High,No
84,32,0,Premium,769.44,2,8,3,4.8,1,High,No
85,25,0,Plus,1015.04,2,2,5,3.8,4,High,No
86,31,9,Premium,1095.94,6,3,1,3.6,4,Low,No
87,40,8,Premium,610.3,7,7,5,6.0,0,Low,No
88,57,6,Basic,715.66,7,8,3,5.6,1,High,No
89,38,0,Premium,673.06,9,2,4,6.7,3,High,No
90,33,7,Basic,311.93,6,4,3,2.4,1,High,No
91,62,2,Basic,566.35,8,7,0,5.1,4,High,No
92,35,7,Basic,713.27,6,2,3,4.9,1,Medium,No
93,64,4,Plus,669.98,2,6,4,3.3,4,Medium,Yes
94,41,0,Plus,949.74,1,7,0,4.1,1,Medium,No
95,43,6,Basic,646.32,5,9,2,2.9,3,Low,No
96,42,4,Premium,740.44,9,2,0,1.6,0,High,No
97,62,5,Basic,686.65,8,1,5,2.1,3,Medium,No
98,58,5,Premium,966.56,4,9,1,1.3,4,High,Yes
99,46,7,Basic,1076.68,5,6,5,5.6,2,High,No
100,32,8,Premium,778.7,5,8,0,5.5,3,Low,No
101,62,1,Plus,1010.49,6,0,2,7.6,1,Low,No
102,18,8,Premium,567.11,3,2,3,6.0,0,Medium,No
103,42,9,Basic,787.23,5,4,0,0.9,1,Medium,No
104,24,8,Plus,610.71,2,2,5,7.1,1,Low,No
105,26,9,Premium,672.78,10,0,0,7.0,3,Low,No
106,41,9,Premium,959.17,1,6,0,3.8,0,High,No
107,18,6,Premium,1093.5,1,6,0,4.9,2,High,Yes
108,61,0,Premium,409.35,10,9,2,7.8,1,Medium,No
109,25,6,Premium,871.18,7,7,4,4.5,0,Medium,No
110,41,9,Plus,823.93,2,4,4,7.3,2,Low,Yes
111,28,4,Plus,406.57,4,9,0,1.1,1,Medium,No
112,68,5,Plus,490.7,5,4,2,1.9,0,High,No
113,34,9,Plus,579.9,7,4,2,3.8,3,Low,No
114,25,6,Basic,450.24,2,0,0,4.9,1,High,No
115,52,4,Plus,519.36,6,9,5,6.6,1,Low,No
116,52,6,Premium,540.84,1,4,5,7.9,0,Low,No
117,50,8,Premium,602.11,7,5,1,3.4,1,High,No
118,22,2,Plus,974.45,9,0,0,0.9,2,Medium,No
119,59,7,Premium,814.72,5,6,1,6.5,1,Medium,No
120,56,1,Plus,1187.62,5,0,5,5.0,4,Medium,No
121,58,6,Premium,673.26,4,1,5,2.0,2,Medium,No
122,45,1,Basic,978.48,3,1,0,4.2,0,High,No
123,24,3,Basic,1084.32,9,4,1,6.1,2,Low,No
124,26,6,Plus,911.08,5,9,1,6.3,4,High,No
125,25,2,Plus,670.68,8,6,0,4.2,4,Medium,No
126,29,1,Plus,978.24,9,0,1,2.8,1,Medium,No
127,51,9,Premium,483.3,5,9,3,7.8,1,High,No
128,50,6,Plus,594.8,10,0,5,5.5,3,Low,No
129,65,0,Basic,792.02,9,0,4,3.6,2,High,No
130,40,7,Premium,817.87,2,5,2,2.6,3,High,Yes
131,41,2,Plus,319.93,9,1,1,6.0,4,High,No
132,54,1,Premium,1150.6,4,0,1,2.3,1,Low,No
133,52,2,Premium,926.96,6,5,2,1.8,1,High,No
134,61,4,Plus,746.13,6,1,1,4.5,1,High,No
135,57,7,Premium,1139.81,6,5,2,2.7,0,Medium,No
136,39,9,Basic,695.19,2,9,0,5.2,4,High,Yes
137,44,6,Basic,1182.39,7,7,3,1.4,1,Medium,No
138,52,6,Premium,761.06,6,1,3,5.4,4,Medium,No
139,18,6,Plus,402.86,1,8,5,2.6,1,Medium,No
140,52,7,Premium,988.32,2,7,4,0.5,2,Low,Yes
141,54,0,Basic,911.01,7,9,1,1.5,4,Medium,No
142,64,3,Premium,995.69,1,0,4,7.5,3,High,No
143,31,5,Premium,1156.3,1,6,0,7.0,0,High,No
144,20,8,Basic,998.84,1,9,3,2.3,3,Medium,Yes
145,18,1,Premium,850.2,8,5,0,6.3,4,Medium,No
146,22,0,Premium,1071.58,4,5,0,5.1,1,High,No
147,43,9,Plus,905.92,4,5,1,7.8,4,Medium,Yes
148,31,1,Plus,667.31,2,5,0,3.3,0,Low,No
149,56,6,Basic,1097.06,1,9,3,5.6,4,Medium,Yes
150,44,2,Basic,499.71,10,6,4,1.0,1,Low,No
151,26,9,Basic,943.18,9,2,3,3.5,3,Low,No
152,32,1,Plus,1093.41,7,5,1,7.7,2,Low,No
153,32,6,Basic,958.18,4,2,3,4.5,3,Medium,No
154,43,1,Basic,927.55,6,6,2,2.7,1,Low,No
155,59,2,Basic,977.37,2,6,4,1.4,1,Low,No
156,30,6,Plus,718.55,7,7,2,5.8,0,Medium,No
157,68,3,Premium,1086.75,2,1,2,5.3,4,Low,No
158,49,0,Basic,483.09,10,8,5,3.3,4,Medium,No
159,56,4,Premium,414.65,8,4,1,7.6,3,High,No
160,66,8,Basic,556.96,8,8,0,0.7,2,Low,No
161,69,7,Premium,778.42,1,9,2,2.8,2,Medium,Yes
162,49,8,Plus,759.51,8,4,3,7.4,0,High,No
163,21,9,Plus,1038.54,2,6,0,2.9,1,Low,No
164,47,8,Basic,664.11,6,8,3,2.4,0,Low,No
165,54,6,Premium,735.91,1,3,3,4.5,4,Medium,No
166,40,3,Plus,312.03,5,1,0,6.7,1,High,No
167,56,4,Basic,668.77,7,8,0,1.3,0,Medium,No
168,62,0,Basic,883.0,10,1,3,7.6,3,Low,No
169,32,0,Plus,313.96,1,2,1,6.5,4,Low,No
170,60,2,Plus,552.79,2,9,4,1.9,2,Low,Yes
171,46,7,Basic,487.16,7,1,5,5.8,0,Low,No
172,53,1,Premium,337.79,6,2,4,3.4,4,High,No
173,30,3,Premium,731.33,3,5,1,3.5,4,High,Yes
174,49,1,Premium,463.55,10,2,5,6.4,2,Medium,No
175,24,4,Basic,968.77,2,9,0,7.7,2,Medium,Yes
176,68,8,Plus,1063.14,10,7,5,1.4,2,Medium,No
177,39,0,Basic,791.03,4,5,3,3.7,0,Low,No
178,45,4,Plus,1183.54,3,6,4,4.1,2,Medium,Yes
179,19,8,Premium,705.43,7,0,5,3.3,3,High,No
180,59,0,Premium,762.03,8,2,3,3.2,4,Medium,No
181,62,8,Plus,1190.3,2,2,1,0.9,2,Medium,No
182,23,7,Plus,508.39,10,1,5,5.6,4,High,No
183,45,3,Basic,1148.29,7,6,3,3.8,1,High,No
184,45,9,Premium,338.55,8,8,1,2.0,1,Low,No
185,61,4,Basic,701.75,6,3,0,6.6,2,High,No
186,61,4,Basic,363.0,6,4,1,6.5,4,High,No
187,37,5,Basic,956.31,10,2,1,4.1,1,Medium,No
188,47,6,Premium,847.57,1,8,4,2.7,2,High,Yes
189,28,7,Basic,935.97,4,3,3,5.3,4,Low,No
190,45,7,Basic,637.03,1,4,5,2.7,2,Medium,Yes
191,42,1,Basic,632.53,4,0,4,2.3,4,Low,No
192,56,8,Basic,340.79,2,1,2,6.0,1,High,No
193,50,6,Basic,614.95,5,8,1,0.8,2,Low,No
194,18,3,Basic,1136.36,10,1,2,1.2,1,Low,No
195,44,3,Premium,641.3,9,4,4,0.6,2,High,No
196,69,7,Basic,1048.23,10,7,3,1.6,0,High,No
197,30,3,Plus,1058.09,3,2,4,1.0,1,Medium,No
198,58,5,Basic,635.92,8,5,3,8.0,1,Medium,No
199,20,4,Basic,868.79,3,3,3,2.7,3,Medium,No
200,56,2,Premium,385.83,6,6,0,1.6,1,High,No
201,23,9,Premium,393.31,4,9,1,2.3,4,Low,Yes
202,25,1,Plus,343.79,8,2,4,7.5,2,Low,No
203,44,8,Plus,822.91,6,5,3,4.4,0,Medium,No
204,26,9,Premium,683.46,8,9,4,3.2,4,Medium,No
205,54,8,Premium,793.23,1,8,4,7.1,4,High,Yes
206,50,0,Basic,768.97,6,9,3,3.5,4,Low,No
207,68,9,Premium,615.18,1,0,5,3.0,4,Medium,No
208,59,2,Plus,909.73,1,2,2,2.1,0,High,No
209,61,7,Basic,982.65,8,1,1,3.3,3,Medium,No
210,41,5,Plus,313.17,7,7,1,2.9,1,High,No
211,32,4,Basic,486.52,3,6,5,5.6,4,Low,Yes
212,49,4,Premium,941.91,6,1,0,2.7,1,High,No
213,49,5,Plus,647.96,9,5,5,4.8,1,Medium,No
214,41,6,Basic,896.24,7,2,0,1.0,4,Medium,No
215,58,0,Basic,612.27,3,7,0,1.9,3,Low,Yes
216,69,8,Premium,651.68,6,9,5,3.6,1,Low,No
217,66,2,Premium,442.81,4,2,1,7.5,2,Medium,No
218,66,3,Premium,532.41,3,9,2,3.3,1,Medium,No
219,69,9,Plus,844.87,9,8,1,5.5,4,Medium,No
220,29,0,Basic,689.85,10,0,1,2.4,0,Low,No
221,56,9,Premium,996.87,2,4,1,1.5,1,Medium,No
222,19,2,Plus,1067.33,1,2,5,0.9,3,Low,No
223,20,1,Plus,787.48,2,5,5,2.8,2,Medium,Yes
224,66,1,Plus,982.44,7,9,5,1.7,2,High,No
225,54,0,Premium,576.21,10,1,1,1.8,0,High,No
226,66,7,Premium,673.47,1,8,2,6.2,0,Medium,No
227,34,2,Basic,941.5,6,5,0,0.6,1,High,No
228,66,2,Basic,647.59,7,6,4,4.7,4,Low,No
229,19,5,Premium,829.65,9,4,0,3.3,3,High,No
230,19,7,Plus,466.84,8,8,0,4.3,2,High,No
231,45,8,Plus,839.79,6,0,4,4.7,0,Low,No
232,40,8,Plus,1075.36,3,4,1,2.9,3,High,Yes
233,54,3,Basic,1081.78,8,9,2,2.7,4,High,No
234,49,4,Plus,951.91,7,5,2,6.0,2,Medium,No
235,50,1,Basic,971.18,3,6,0,7.0,2,Low,Yes
236,18,8,Basic,802.13,9,3,4,1.9,4,Low,No
237,36,7,Plus,826.2,2,0,3,1.2,2,Medium,No
238,19,2,Plus,420.29,3,7,1,7.2,4,Medium,Yes
239,61,8,Premium,699.47,2,9,0,3.1,2,High,Yes
240,43,2,Premium,705.7,1,3,2,4.6,1,High,No
241,49,8,Plus,1162.65,4,2,5,3.2,4,High,No
242,23,1,Basic,687.98,5,6,5,1.4,3,Medium,No
243,49,9,Basic,794.41,6,1,4,4.9,1,Low,No
244,21,8,Basic,779.93,5,7,4,4.4,3,High,No
245,28,7,Basic,873.09,1,5,0,2.0,2,Medium,Yes
246,34,8,Basic,973.41,3,6,3,3.9,3,Low,Yes
247,55,4,Premium,502.54,1,4,2,6.5,1,Medium,No
248,41,1,Plus,775.85,5,8,0,4.9,4,High,No
249,22,7,Premium,1043.33,5,4,3,1.2,0,Medium,No
250,69,5,Basic,716.8,6,4,4,4.6,3,Medium,No
251,51,7,Basic,550.61,8,2,5,5.8,0,Medium,No
252,23,4,Basic,889.24,10,0,1,6.4,3,Medium,No
253,39,9,Basic,1041.39,1,1,5,5.2,3,Low,No
254,28,1,Plus,356.83,4,7,2,1.6,4,High,Yes
255,65,5,Basic,999.11,10,0,2,5.8,2,Low,No
256,33,4,Plus,1039.48,1,6,5,5.6,1,Medium,No
257,50,4,Basic,715.37,9,4,5,0.7,1,Medium,No
258,26,0,Plus,1184.98,7,2,3,3.6,1,High,No
259,23,1,Premium,1008.04,7,6,0,3.0,2,High,No
260,33,7,Basic,996.3,5,8,4,5.5,0,Low,No
261,46,2,Plus,973.05,7,1,3,2.1,1,Low,No
262,20,9,Premium,435.55,2,7,1,4.9,0,High,No
263,37,2,Basic,495.51,4,8,5,7.3,2,Low,Yes
264,53,7,Basic,717.59,7,2,1,6.5,2,Medium,No
265,36,7,Basic,537.6,3,1,1,7.4,4,Medium,No
266,43,1,Plus,673.72,2,6,3,7.8,1,High,No
267,20,7,Plus,1099.62,10,4,4,0.6,4,Low,No
268,36,0,Premium,1041.89,2,4,2,5.2,1,Medium,No
269,37,5,Plus,867.04,1,9,0,3.6,2,High,Yes
270,49,7,Plus,1072.31,5,4,2,6.9,2,Low,No
271,24,2,Basic,1005.4,6,3,4,2.4,3,Medium,No
272,69,7,Basic,686.09,6,4,2,7.9,3,Low,No
273,58,0,Basic,480.96,9,3,5,5.1,2,Low,No
274,50,8,Basic,762.78,4,5,5,6.5,2,Low,Yes
275,57,8,Basic,962.61,1,3,3,1.1,0,High,No
276,56,4,Basic,692.78,6,1,1,1.9,0,Medium,No
277,35,9,Basic,900.09,5,8,4,6.2,4,High,No
278,57,3,Premium,384.89,10,1,4,0.7,3,Medium,No
279,18,5,Premium,973.2,6,8,2,6.6,3,Medium,No
280,28,6,Premium,1031.44,3,9,3,0.6,2,High,Yes
281,45,4,Premium,936.15,2,5,2,5.4,2,High,Yes
282,42,9,Basic,1170.54,6,8,2,3.2,4,Medium,No
283,67,8,Premium,1043.99,1,8,4,5.1,3,Medium,Yes
284,40,2,Basic,1112.78,7,2,2,5.7,0,Medium,No
285,48,6,Premium,1140.21,7,0,1,3.1,1,Low,No
286,47,9,Plus,1021.21,10,0,2,1.3,4,Medium,No
287,59,9,Premium,906.83,7,2,1,1.0,1,High,No
288,52,4,Premium,305.15,10,4,4,4.9,0,High,No
289,24,6,Basic,719.24,1,2,3,4.4,0,High,No
290,33,1,Premium,814.05,4,8,5,6.1,1,Medium,No
291,43,3,Plus,573.63,7,8,1,4.3,4,Medium,No
292,65,1,Basic,586.29,9,2,3,3.7,1,Low,No
293,69,6,Basic,1165.04,5,2,3,3.5,4,Low,No
294,66,1,Premium,1102.54,2,4,1,0.7,4,High,Yes
295,19,0,Basic,1064.26,7,1,4,3.0,2,Low,No
296,18,8,Basic,665.41,10,5,0,7.8,3,Low,No
297,65,0,Basic,312.33,1,6,3,7.1,3,High,Yes
298,29,7,Basic,372.2,7,8,3,3.0,0,Medium,No
299,22,1,Basic,580.98,6,5,4,4.9,2,Low,No
300,54,7,Basic,314.17,7,2,4,6.9,3,Medium,No
301,49,2,Plus,315.43,10,4,2,3.8,4,High,No
302,26,5,Premium,1124.94,3,3,4,0.6,4,High,No
303,58,2,Plus,935.54,3,4,3,1.1,1,Low,No
304,52,6,Basic,578.06,7,7,1,4.3,1,High,No
305,36,9,Basic,419.38,2,7,0,7.8,4,High,Yes
306,65,8,Premium,760.47,1,5,2,5.7,4,High,Yes
307,33,1,Plus,304.81,9,0,1,1.0,1,Low,No
308,20,4,Premium,1144.57,9,7,0,1.9,3,Low,No
309,37,5,Plus,673.33,7,7,0,6.3,0,Low,No
310,41,3,Basic,662.1,7,1,0,6.8,1,High,No
311,50,3,Premium,651.53,3,3,5,5.1,3,Medium,No
312,41,3,Premium,362.4,10,1,1,5.3,3,High,No
313,69,1,Basic,874.49,2,3,2,0.7,3,Low,No
314,28,3,Premium,959.7,7,9,2,6.7,2,Medium,No
315,66,0,Plus,908.51,9,6,0,6.4,2,Medium,No
316,25,5,Plus,424.59,1,8,1,2.4,3,Low,Yes
317,53,0,Plus,820.96,4,7,5,5.8,4,Medium,Yes
318,55,9,Plus,812.54,6,8,0,2.1,2,Medium,No
319,57,5,Basic,1081.57,7,7,4,0.8,1,Low,No
320,37,0,Premium,641.21,10,1,2,2.0,2,Medium,No
321,52,5,Plus,634.34,7,6,3,1.8,4,Medium,No
322,65,9,Basic,856.67,10,1,0,3.0,0,Low,No
323,42,7,Premium,869.77,2,1,4,3.6,2,Medium,No
324,52,1,Premium,722.36,4,3,2,4.3,3,Medium,No
325,42,1,Basic,698.75,5,0,5,4.1,3,Medium,No
326,46,3,Basic,744.73,1,4,1,2.5,3,Medium,Yes
327,35,2,Plus,1074.94,1,5,2,0.7,0,Low,No
328,63,3,Premium,715.05,10,8,1,5.0,4,High,No
329,35,6,Premium,1145.94,3,9,1,3.5,1,High,No
330,19,0,Basic,753.6,10,7,5,2.7,4,Medium,No
331,52,5,Premium,1154.28,3,1,5,7.0,0,Low,No
332,33,2,Plus,1049.55,8,0,0,6.1,3,Low,No
333,58,9,Premium,626.19,9,1,0,6.9,4,Medium,No
334,53,6,Basic,1077.28,1,6,2,4.2,1,High,No
335,50,9,Basic,399.06,2,3,5,1.5,3,Medium,No
336,21,1,Plus,1132.54,10,9,4,5.7,1,Low,No
337,50,1,Plus,868.48,2,4,2,2.0,2,Low,Yes
338,31,3,Premium,348.95,4,6,3,3.8,1,High,No
339,38,0,Premium,879.83,2,2,1,1.0,3,Low,No
340,65,2,Basic,1176.82,7,9,1,6.7,2,Low,No
341,37,8,Plus,362.82,9,1,0,1.4,3,Low,No
342,25,6,Plus,799.22,7,6,4,7.3,3,High,No
343,24,6,Plus,973.01,6,4,5,7.0,2,Low,No
344,20,3,Premium,1029.23,10,0,5,4.0,1,Medium,No
345,34,1,Plus,672.44,1,0,0,6.1,0,High,No
346,50,3,Basic,483.75,10,8,3,5.1,0,Medium,No
347,65,5,Basic,338.11,9,4,2,6.5,0,Medium,No
348,29,2,Premium,821.75,5,0,2,3.7,0,High,No
349,68,0,Premium,707.62,5,6,4,6.4,4,Medium,No
350,39,7,Plus,1153.87,6,8,0,4.0,0,High,No
351,39,4,Premium,354.54,9,0,0,7.6,2,Medium,No
352,63,4,Basic,916.86,8,9,3,4.1,0,High,No
353,47,3,Plus,322.47,8,3,2,4.0,3,Low,No
354,55,5,Basic,454.29,8,2,0,6.4,0,Low,No
355,55,2,Plus,708.22,1,4,5,6.7,1,Medium,No
356,62,8,Premium,709.39,1,6,4,4.7,2,Low,Yes
357,68,4,Plus,917.13,8,7,2,1.8,2,High,No
358,25,2,Plus,1119.19,5,1,3,4.0,4,Medium,No
359,44,0,Basic,875.13,9,6,4,7.8,3,Low,No
360,44,9,Basic,1158.18,2,0,1,6.1,2,Low,No
361,51,5,Plus,1093.45,9,6,5,6.6,1,Medium,No
362,38,1,Premium,826.05,8,7,3,0.7,0,Low,No
363,47,2,Premium,1050.41,9,1,4,4.0,2,Low,No
364,50,0,Basic,878.32,4,8,0,5.3,1,Medium,No
365,45,8,Premium,370.7,1,0,1,6.7,0,Low,No
366,64,7,Basic,966.51,1,5,3,0.9,4,Low,Yes
367,50,1,Premium,385.42,5,0,0,6.9,2,Low,No
368,22,7,Plus,834.67,2,2,5,4.6,2,Low,No
369,65,8,Basic,932.38,8,5,1,2.0,1,Medium,No
370,36,0,Basic,359.87,10,2,2,2.9,3,High,No
371,21,4,Plus,507.72,5,7,0,2.6,4,High,No
372,52,7,Basic,1124.11,5,4,4,4.5,3,Low,No
373,66,1,Premium,854.68,2,1,3,0.9,2,Low,No
374,34,3,Premium,521.66,7,3,1,1.7,3,High,No
375,61,6,Basic,921.61,8,8,0,6.6,0,Low,No
376,45,2,Premium,837.1,10,3,2,1.5,4,High,No
377,47,4,Basic,751.42,1,9,3,2.3,3,Medium,Yes
378,46,7,Plus,1178.57,2,9,3,3.9,0,Medium,No
379,63,9,Basic,915.11,10,7,0,4.4,1,Medium,No
380,23,2,Plus,637.9,4,4,2,6.2,3,Medium,Yes
381,52,3,Premium,1020.07,5,9,5,3.9,4,Medium,No
382,58,8,Plus,1096.12,2,0,5,6.4,0,Medium,No
383,54,6,Premium,412.7,1,6,1,5.1,3,High,Yes
384,41,0,Basic,480.5,9,2,0,1.3,1,Low,No
385,46,3,Premium,494.6,1,9,1,1.7,3,High,Yes
386,66,3,Basic,922.09,4,7,5,3.8,0,Medium,No
387,63,8,Basic,842.74,2,2,3,3.5,3,Low,No
388,48,5,Plus,857.09,4,0,1,6.1,4,Low,No
389,52,8,Plus,1146.7,8,4,2,4.9,2,Medium,No
390,50,5,Plus,998.32,8,1,4,3.4,0,Medium,No
391,69,5,Plus,415.14,9,3,5,1.8,0,Medium,No
392,38,4,Premium,612.76,5,0,5,2.2,0,Medium,No
393,49,4,Premium,691.85,7,8,2,4.8,0,Medium,No
394,40,1,Premium,656.37,3,5,1,3.7,3,Medium,Yes
395,50,7,Basic,902.38,10,7,0,4.4,4,Low,No
396,20,7,Premium,1102.7,4,3,3,1.8,1,Medium,No
397,35,0,Premium,575.45,10,8,4,5.5,4,Medium,No
398,42,7,Premium,796.69,9,1,0,6.9,0,Low,No
399,59,4,Plus,1010.47,10,8,0,2.4,3,High,No
400,48,1,Premium,674.6,10,4,2,4.2,3,Medium,No
401,20,1,Basic,451.31,1,5,1,7.8,0,Low,No
402,57,5,Plus,727.46,2,2,5,3.0,3,Low,No
403,63,8,Basic,349.7,5,3,5,5.0,0,High,No
404,41,0,Premium,1148.15,3,5,2,1.2,4,Medium,Yes
405,67,5,Plus,367.34,2,6,1,5.0,2,Medium,Yes
406,49,8,Basic,694.61,1,0,2,1.2,3,Medium,No
407,64,7,Premium,776.89,10,6,5,7.7,0,Low,No
408,39,5,Basic,1186.77,3,0,0,5.9,0,Medium,No
409,40,2,Basic,449.42,1,4,3,6.4,3,Medium,Yes
410,19,7,Basic,402.99,1,5,1,5.8,1,Medium,No
411,44,8,Premium,307.84,1,1,4,4.9,0,Medium,No
412,59,0,Premium,440.01,8,9,4,3.9,3,High,No
413,19,8,Basic,486.55,3,8,0,6.9,0,High,No
414,43,5,Plus,867.52,1,9,2,7.7,1,High,No
415,34,5,Plus,497.74,7,5,2,4.2,2,Medium,No
416,57,3,Premium,318.47,10,6,5,7.5,1,Medium,No
417,50,0,Premium,1043.96,3,9,0,4.9,4,Low,Yes
418,26,9,Premium,629.04,8,7,5,4.5,3,Low,No
419,60,7,Premium,618.33,4,9,5,3.9,1,Low,No
420,65,1,Premium,572.23,4,0,4,2.1,2,Medium,No
421,56,0,Plus,1177.84,5,7,5,0.5,0,High,No
422,46,1,Premium,453.1,6,3,5,2.3,3,High,No
423,59,0,Basic,1108.41,7,9,4,4.3,1,High,No
424,43,0,Basic,999.12,4,7,2,3.3,2,Medium,Yes
425,52,8,Plus,368.83,8,5,1,3.9,1,High,No
426,67,0,Basic,1188.06,6,8,3,7.9,4,Low,No
427,42,3,Plus,544.23,1,3,5,3.1,3,Low,No
428,41,9,Plus,388.72,1,1,1,3.9,0,High,No
429,30,5,Basic,1046.38,9,1,4,1.5,2,Low,No
430,24,6,Premium,936.01,10,4,1,0.9,1,High,No
431,53,1,Basic,855.5,6,9,3,6.3,3,High,No
432,62,5,Basic,440.38,10,8,1,4.8,1,Low,No
433,37,6,Plus,730.65,8,2,1,6.2,3,Low,No
434,18,9,Basic,1002.5,7,7,1,1.6,4,Low,No
435,25,9,Plus,573.26,6,3,1,4.8,1,Low,No
436,63,1,Premium,580.52,4,5,0,2.4,4,High,Yes
437,33,1,Premium,302.83,7,9,5,2.2,2,Low,No
438,31,9,Premium,456.82,9,5,4,0.6,4,Low,No
439,29,6,Basic,1087.87,10,2,3,1.5,3,Medium,No
440,68,0,Plus,697.57,10,4,4,2.8,2,Low,No
441,40,7,Premium,1185.81,7,2,0,1.4,1,Low,No
442,32,2,Plus,656.14,1,0,0,7.9,1,High,No
443,45,5,Plus,943.67,10,6,0,2.8,3,High,No
444,51,8,Premium,553.73,9,3,5,1.5,0,Medium,No
445,19,5,Premium,627.43,4,6,0,2.0,0,Low,No
446,49,8,Plus,471.65,3,2,1,4.9,1,Low,No
447,40,6,Premium,612.36,4,4,4,1.0,3,Low,Yes
448,39,8,Plus,792.51,4,4,2,7.0,0,Low,No
449,68,1,Plus,1192.6,10,1,3,7.7,4,Low,No
450,42,7,Premium,897.78,2,9,0,2.4,1,Low,No
451,39,7,Basic,479.32,1,1,4,3.9,4,Medium,No
452,39,1,Premium,340.47,10,3,0,0.7,3,Low,No
453,66,3,Basic,413.72,1,3,5,5.3,4,Low,No
454,69,6,Plus,806.3,8,3,0,3.6,0,Low,No
455,59,3,Plus,988.64,2,5,0,2.5,0,Medium,No
456,23,3,Basic,1146.38,10,1,0,2.1,2,Low,No
457,32,5,Plus,314.24,5,5,0,5.4,1,Medium,No
458,60,9,Basic,770.48,4,6,3,3.6,3,High,Yes
459,54,5,Basic,723.78,8,9,4,1.8,1,Low,No
460,50,9,Plus,890.45,2,2,5,5.7,4,Medium,No
461,25,2,Basic,803.62,10,7,0,4.7,3,High,No
462,61,8,Premium,918.34,9,1,0,6.9,3,Medium,No
463,61,9,Premium,892.27,7,7,0,1.4,0,Medium,No
464,22,1,Plus,405.31,7,4,0,6.4,4,High,No
465,56,5,Plus,1019.75,1,1,1,5.6,0,Low,No
466,21,6,Basic,410.91,2,6,1,1.4,0,Low,No
467,23,8,Basic,928.68,4,1,2,5.7,2,Medium,No
468,62,2,Basic,674.53,4,5,0,3.8,0,High,No
469,49,9,Basic,762.47,3,9,2,7.6,1,Low,No
470,69,2,Premium,1112.97,7,2,3,1.6,3,Medium,No
471,47,6,Premium,1100.9,8,8,2,5.3,0,High,No
472,64,3,Plus,1036.07,2,2,4,3.4,1,Medium,No
473,52,7,Basic,759.13,4,2,1,7.7,4,High,No
474,57,6,Basic,962.62,3,4,1,3.0,3,Low,Yes
475,69,4,Plus,761.61,2,6,0,7.7,4,Low,Yes
476,33,6,Basic,1082.65,6,7,0,7.3,1,Medium,No
477,30,2,Basic,662.5,4,6,3,2.5,4,Low,Yes
478,67,1,Basic,1173.21,6,8,5,6.5,4,Low,No
479,59,5,Basic,1139.09,2,4,3,8.0,4,High,Yes
480,47,1,Basic,967.44,4,9,4,2.4,0,Low,No
481,36,2,Plus,551.47,6,2,0,3.8,0,High,No
482,34,5,Basic,418.49,5,5,0,4.4,0,High,No
483,36,4,Plus,1069.23,3,4,3,2.7,3,Medium,Yes
484,45,7,Basic,448.77,8,3,3,0.6,1,High,No
485,43,8,Premium,1068.83,7,1,3,2.2,0,Low,No
486,54,2,Premium,741.69,3,6,1,2.6,4,High,Yes
487,43,9,Premium,665.9,6,4,2,3.8,4,High,No
488,40,2,Premium,1112.87,4,3,2,1.8,4,Medium,No
489,26,2,Plus,843.47,5,7,0,7.0,4,Low,No
490,29,5,Plus,818.95,5,8,1,5.8,2,Low,No
491,18,0,Basic,802.89,7,8,3,1.1,3,Low,No
492,18,6,Premium,634.05,5,2,0,5.4,1,High,No
493,64,0,Plus,1007.08,3,2,1,5.4,1,Low,No
494,51,4,Basic,527.52,10,4,4,7.7,0,Low,No
495,49,9,Basic,1145.01,5,4,5,0.5,2,High,No
496,65,7,Plus,1104.59,7,9,1,2.4,1,Medium,No
497,42,3,Premium,603.73,5,1,0,7.5,3,Medium,No
498,57,4,Basic,956.52,5,0,2,7.5,4,High,No
499,62,3,Premium,815.9,9,7,3,5.9,0,Medium,No
500,18,3,Premium,603.88,3,2,5,6.2,3,Medium,No
501,33,7,Premium,1189.67,6,0,4,1.2,1,Medium,No
502,56,1,Basic,322.71,1,0,5,4.4,2,Low,No
503,22,0,Premium,527.38,10,1,5,2.2,0,Medium,No
504,39,2,Basic,768.07,5,5,1,1.9,1,Low,No
505,46,8,Premium,769.76,8,5,0,6.6,0,Medium,No
506,20,3,Basic,830.04,5,2,0,1.5,1,Low,No
507,29,9,Premium,976.51,9,3,5,4.0,4,High,No
508,43,4,Plus,861.13,6,1,3,7.5,2,High,No
509,33,1,Premium,840.25,8,1,0,1.9,4,Medium,No
510,68,3,Premium,348.16,10,6,5,7.8,1,Low,No
511,54,1,Basic,638.88,8,0,0,8.0,3,High,No
512,39,1,Basic,508.85,3,6,3,4.7,4,High,Yes
513,46,3,Premium,538.83,7,0,4,1.8,3,High,No
514,31,5,Plus,798.9,7,5,5,2.9,1,High,No
515,45,6,Plus,479.55,10,2,2,3.7,2,Medium,No
516,22,9,Basic,564.55,6,7,2,2.8,3,Low,No
517,64,2,Plus,513.38,7,5,5,2.6,1,High,No
518,66,2,Premium,1153.65,2,1,1,7.8,3,Medium,No
519,47,9,Basic,1150.2,9,7,4,1.7,4,High,No
520,63,5,Premium,848.95,10,4,1,6.0,1,High,No
521,69,2,Basic,1132.07,10,7,2,0.5,4,High,No
522,22,1,Basic,1007.23,1,7,3,5.0,0,High,No
523,29,7,Basic,830.95,1,5,5,7.4,1,Medium,No
524,33,4,Basic,305.79,3,1,0,2.7,3,Low,No
525,43,0,Plus,995.26,3,7,2,1.9,0,Medium,No
526,43,2,Premium,932.24,1,5,4,5.4,4,Medium,Yes
527,65,9,Premium,853.73,7,5,2,5.8,4,Medium,No
528,38,7,Premium,984.38,4,7,4,5.7,3,High,Yes
529,56,3,Basic,761.63,10,0,4,2.9,0,Low,No
530,53,6,Plus,933.67,2,1,5,2.4,2,High,No
531,50,9,Premium,1141.65,10,8,4,7.7,3,Medium,No
532,47,1,Plus,638.22,5,7,1,7.4,4,High,No
533,54,6,Basic,937.31,6,6,3,3.9,1,Low,No
534,40,4,Premium,728.12,9,6,2,6.8,0,Low,No
535,27,4,Plus,906.96,4,4,3,3.9,2,High,Yes
536,22,5,Basic,986.6,2,1,0,3.7,1,Medium,No
537,53,8,Plus,340.91,5,5,2,1.7,0,High,No
538,51,5,Premium,881.94,3,9,3,3.7,3,Medium,Yes
539,69,7,Premium,504.07,2,2,3,4.5,3,Low,No
540,48,6,Basic,903.03,1,3,5,0.7,0,High,No
541,27,8,Basic,721.5,10,9,5,3.8,2,Low,No
542,36,3,Basic,996.2,2,1,0,6.4,0,Medium,No
543,49,1,Plus,411.06,6,1,4,5.6,1,Medium,No
544,18,6,Plus,863.69,8,7,2,5.3,1,High,No
545,22,5,Plus,550.62,3,7,5,7.3,3,High,Yes
546,62,0,Basic,1067.68,9,9,2,0.6,0,High,No
547,21,8,Premium,1135.55,9,5,0,4.7,3,Low,No
548,33,8,Premium,1196.76,2,4,5,6.4,2,Medium,Yes
549,41,1,Plus,1016.41,8,7,5,4.6,1,Medium,No
550,33,2,Plus,978.36,10,3,4,2.9,4,Low,No
551,19,4,Premium,493.95,5,3,2,1.5,4,High,No
552,66,4,Premium,602.41,4,4,2,7.2,0,High,No
553,45,0,Plus,719.11,10,0,2,4.0,0,Low,No
554,49,7,Plus,996.04,5,0,4,7.1,4,Medium,No
555,44,7,Premium,1123.47,4,1,5,4.9,0,Medium,No
556,37,3,Basic,470.23,8,7,0,5.6,1,Medium,No
557,41,6,Plus,1130.13,4,6,2,6.5,2,Medium,Yes
558,29,9,Premium,926.06,10,9,3,5.4,2,Low,No
559,67,2,Premium,849.69,6,8,4,3.5,3,Medium,No
560,52,5,Premium,479.86,2,4,1,4.4,1,Low,No
561,50,9,Premium,349.97,5,1,0,6.5,0,High,No
562,50,9,Basic,811.62,6,6,3,3.3,0,Low,No
563,68,8,Premium,886.36,5,7,2,3.4,3,Medium,No
564,60,0,Plus,489.7,2,6,1,1.2,3,High,Yes
565,54,4,Basic,800.81,7,6,0,7.4,0,Low,No
566,29,3,Premium,1070.84,4,4,4,1.2,0,Low,No
567,20,7,Basic,1051.56,8,1,1,5.4,1,Low,No
568,18,0,Plus,1134.62,7,5,5,3.6,3,High,No
569,50,8,Premium,629.3,7,3,1,3.5,1,Low,No
570,57,5,Plus,586.24,9,9,3,5.6,0,Medium,No
571,27,3,Premium,974.48,1,1,0,1.0,4,High,No
572,60,8,Premium,688.0,10,8,3,5.0,4,High,No
573,61,4,Premium,378.79,6,6,3,6.3,0,Low,No
574,46,4,Premium,554.52,6,5,2,6.7,3,Medium,No
575,30,4,Premium,676.72,6,4,4,1.8,4,High,No
576,29,0,Basic,563.26,6,2,1,7.2,3,Low,No
577,48,0,Premium,598.99,10,9,0,5.4,4,Medium,No
578,63,7,Premium,564.4,7,9,5,7.1,3,Low,No
579,19,7,Basic,337.35,10,3,4,4.1,4,Low,No
580,68,5,Basic,873.39,6,2,4,4.6,3,High,No
581,67,3,Basic,837.56,1,7,0,7.4,1,High,No
582,52,1,Basic,888.05,3,2,4,7.2,3,Low,No
583,40,1,Basic,473.08,2,6,2,3.9,1,High,No
584,34,8,Basic,566.09,6,6,4,2.6,1,High,No
585,43,4,Premium,857.65,8,6,2,3.4,0,Medium,No
586,25,3,Premium,839.66,3,6,1,3.4,1,Medium,No
587,46,9,Plus,755.7,10,1,1,2.7,2,Low,No
588,43,0,Premium,615.37,8,9,3,2.5,1,Low,No
589,27,6,Premium,1121.64,8,2,2,7.0,3,Low,No
590,43,2,Basic,605.79,5,9,5,1.0,1,Low,No
591,51,5,Basic,710.06,8,8,1,5.6,3,Medium,No
592,68,4,Premium,910.3,6,2,4,1.8,3,High,No
593,58,4,Plus,788.72,5,1,0,3.1,2,Medium,No
594,24,4,Basic,612.2,9,8,0,1.0,1,Low,No
595,21,0,Premium,692.08,7,9,2,2.5,1,Low,No
596,67,0,Premium,1015.03,8,8,5,6.3,4,Medium,No
597,62,2,Plus,550.32,1,3,3,7.1,4,Medium,No
598,28,9,Plus,428.03,2,8,4,2.2,0,Low,No
599,46,3,Basic,581.85,8,2,2,4.0,3,High,No
600,53,4,Plus,1064.58,9,6,0,4.0,2,Low,No
601,42,1,Premium,380.09,4,6,2,7.1,4,Medium,Yes
602,38,7,Premium,1192.53,10,7,4,6.2,1,Low,No
603,53,1,Plus,786.9,10,9,5,4.3,0,Low,No
604,27,8,Plus,1186.36,9,3,5,5.5,2,High,No
605,54,1,Plus,1145.1,4,2,1,6.9,1,Low,No
606,26,8,Plus,707.53,10,2,4,0.6,1,Low,No
607,41,6,Basic,478.64,10,4,1,3.5,3,Low,No
608,52,7,Plus,448.4,10,0,1,7.3,3,Medium,No
609,66,1,Basic,515.99,9,9,1,6.1,4,Medium,No
610,52,6,Premium,939.12,7,2,2,4.6,4,High,No
611,65,5,Plus,545.65,2,5,0,4.5,1,Low,No
612,53,3,Basic,607.28,9,2,5,3.1,1,Medium,No
613,35,6,Plus,703.9,4,4,2,4.4,4,High,Yes
614,66,3,Premium,1121.91,8,8,0,5.4,4,Low,No
615,56,1,Premium,470.45,7,1,5,3.6,1,High,No
616,49,9,Premium,304.52,7,1,4,5.9,2,High,No
617,41,6,Plus,354.09,8,5,5,7.0,1,High,No
618,40,7,Plus,1114.29,1,5,5,1.7,2,High,Yes
619,49,1,Basic,882.76,5,7,5,3.9,2,High,No
620,54,4,Premium,545.74,2,1,3,3.6,1,High,No
621,29,0,Plus,459.47,2,8,4,5.7,0,High,No
622,66,6,Premium,564.84,1,1,2,2.4,4,Low,No
623,30,7,Premium,403.32,5,0,2,5.3,3,Low,No
624,40,5,Basic,1147.38,2,9,0,7.1,1,High,No
625,42,4,Basic,1005.79,4,1,2,3.6,2,Low,No
626,52,5,Basic,716.15,3,6,1,7.3,1,High,No
627,58,1,Basic,1078.47,3,7,5,7.9,4,Low,Yes
628,47,0,Premium,524.51,2,4,2,1.3,2,Medium,Yes
629,34,6,Basic,945.41,6,5,0,2.2,3,High,No
630,66,6,Basic,1070.52,2,0,0,7.6,3,Medium,No
631,37,9,Basic,621.09,8,5,1,7.7,3,High,No
632,65,9,Basic,981.72,8,7,0,1.2,0,High,No
633,42,1,Premium,565.57,5,2,3,0.6,2,Medium,No
634,39,1,Basic,568.97,10,0,5,1.7,2,Medium,No
635,30,0,Premium,396.35,7,3,5,8.0,0,Medium,No
636,36,9,Plus,696.05,4,0,5,1.8,2,High,No
637,66,7,Premium,956.74,1,7,4,4.3,0,Medium,No
638,53,7,Premium,1146.2,2,4,2,6.9,1,Medium,No
639,29,0,Basic,843.42,10,0,3,0.7,4,Low,No
640,58,7,Plus,1076.82,10,7,2,5.0,3,Low,No
641,36,8,Plus,1040.25,4,8,3,2.6,0,Medium,No
642,29,3,Plus,456.01,1,9,2,7.0,0,Medium,No
643,26,0,Plus,737.24,8,1,1,2.6,0,Medium,No
644,24,0,Premium,405.23,9,8,0,5.7,1,Medium,No
645,45,2,Plus,913.94,4,7,0,5.6,0,Low,No
646,31,4,Premium,1154.91,10,6,1,2.2,4,High,No
647,48,4,Premium,423.38,3,2,3,0.8,4,Medium,No
648,69,8,Premium,960.49,2,1,4,3.6,3,Medium,No
649,36,9,Plus,869.01,5,6,3,2.7,1,Low,No
650,64,1,Basic,825.24,3,4,0,6.6,4,Medium,Yes
651,33,1,Basic,651.11,10,5,4,6.5,2,Medium,No
652,22,5,Plus,619.62,7,3,2,3.9,2,Low,No
653,52,8,Basic,340.72,6,1,4,5.0,2,Medium,No
654,29,0,Basic,496.12,1,8,3,5.0,0,Medium,No
655,42,8,Premium,313.66,8,2,1,6.7,0,Low,No
656,69,8,Premium,823.28,2,6,2,3.7,2,High,Yes
657,38,8,Plus,395.27,5,7,3,2.6,3,Medium,No
658,53,4,Plus,1085.72,9,1,2,2.5,3,Medium,No
659,40,8,Basic,770.83,8,5,4,4.5,0,High,No
660,33,3,Premium,929.72,2,7,0,3.9,2,Low,Yes
661,56,1,Plus,669.77,9,6,3,3.8,3,High,No
662,62,5,Plus,804.52,5,2,1,1.2,0,Medium,No
663,59,3,Plus,1148.39,10,0,4,5.9,2,High,No
664,56,5,Plus,374.46,6,5,3,2.1,1,Low,No
665,31,2,Plus,528.54,3,7,1,2.0,2,Medium,Yes
666,48,5,Plus,1001.99,3,5,3,3.6,2,Low,Yes
667,22,1,Basic,388.86,10,4,4,2.2,4,Low,No
668,52,1,Premium,368.09,8,7,3,4.9,4,High,No
669,40,8,Premium,625.39,10,1,2,3.3,1,High,No
670,46,6,Plus,382.95,10,0,4,3.9,1,Low,No
671,60,2,Premium,826.57,2,0,3,4.5,2,Low,No
672,28,0,Premium,503.65,2,3,0,2.0,3,Medium,No
673,35,7,Premium,1106.13,5,5,3,1.7,1,Low,No
674,64,5,Plus,1005.15,6,8,2,7.1,2,Low,No
675,29,6,Plus,929.73,2,0,1,3.8,0,High,No
676,26,8,Premium,855.25,5,0,1,3.6,4,Low,No
677,27,4,Premium,1077.12,7,4,1,0.8,3,Low,No
678,61,0,Plus,500.76,10,9,0,4.2,2,High,No
679,34,9,Basic,1085.8,10,4,2,4.7,0,Medium,No
680,55,6,Premium,1010.54,8,4,4,4.7,4,High,No
681,24,4,Basic,973.34,7,9,1,5.8,0,High,No
682,63,2,Premium,805.13,8,5,2,1.8,2,Low,No
683,30,8,Basic,521.62,9,7,3,2.4,1,Low,No
684,57,0,Basic,681.19,5,2,0,6.6,4,Medium,No
685,59,0,Basic,1014.21,5,8,2,7.6,0,Low,No
686,26,0,Plus,328.6,10,0,2,1.5,1,Medium,No
687,67,2,Basic,1003.85,4,3,4,4.2,3,Medium,No
688,44,5,Basic,516.06,9,8,2,2.1,2,Medium,No
689,19,9,Basic,429.88,5,7,4,1.0,2,Medium,No
690,22,2,Premium,404.13,2,9,0,2.9,4,Low,Yes
691,46,7,Basic,324.53,10,8,0,1.6,0,High,No
692,54,9,Premium,771.23,8,0,3,5.8,3,High,No
693,55,1,Basic,496.43,7,8,4,4.5,4,Low,No
694,36,8,Basic,1190.49,8,2,4,1.6,4,Low,No
695,25,2,Plus,816.99,3,9,1,0.6,0,Medium,No
696,65,4,Premium,424.1,4,8,1,6.6,3,Low,Yes
697,62,9,Basic,919.89,5,0,3,1.8,0,High,No
698,18,7,Premium,1107.97,6,0,0,5.0,2,Low,No
699,39,1,Premium,970.66,1,8,5,3.0,1,Low,No
700,69,5,Plus,368.8,4,5,1,4.9,2,Medium,Yes
701,34,4,Plus,1106.3,10,3,2,2.9,2,Medium,No
702,24,9,Plus,1014.54,5,6,0,1.2,4,Medium,No
703,42,8,Plus,442.47,7,4,5,2.2,2,Medium,No
704,62,4,Plus,346.61,5,9,2,1.9,3,High,No
705,21,1,Plus,801.58,1,6,4,3.7,2,Low,Yes
706,53,4,Plus,440.43,7,7,0,5.4,3,Low,No
707,23,3,Plus,1051.13,8,7,3,2.5,0,Medium,No
708,48,6,Basic,622.5,7,0,4,0.6,4,High,No
709,36,5,Premium,1121.6,4,7,4,4.4,3,High,Yes
710,61,1,Plus,809.12,8,5,2,5.0,2,Low,No
711,56,4,Plus,464.41,5,3,4,7.7,4,Medium,No
712,44,6,Premium,425.64,10,7,1,4.9,4,Low,No
713,27,6,Basic,818.83,9,2,0,4.0,3,Low,No
714,43,4,Premium,985.7,10,3,1,4.8,3,High,No
715,36,8,Premium,1003.36,5,5,2,7.5,1,High,No
716,56,3,Plus,548.18,1,6,5,6.7,1,Low,No
717,20,2,Premium,483.82,9,3,2,2.9,4,Medium,No
718,62,3,Premium,315.08,5,3,0,2.3,1,Medium,No
719,30,4,Plus,911.28,6,6,4,2.5,2,Low,No
720,67,5,Plus,368.91,4,5,3,4.3,0,Low,No
721,45,2,Plus,678.69,6,7,2,6.1,4,Medium,No
722,37,1,Plus,841.51,8,0,0,4.3,0,Medium,No
723,45,3,Premium,1143.4,3,9,3,1.0,1,Medium,No
724,25,4,Premium,580.62,5,6,4,5.9,3,Low,No
725,58,3,Basic,524.79,2,6,5,6.5,4,High,Yes
726,56,2,Basic,888.74,2,6,2,2.7,1,Medium,No
727,18,7,Premium,857.32,7,6,5,5.5,2,Medium,No
728,20,9,Basic,598.9,10,9,0,3.7,4,Medium,No
729,30,3,Premium,1135.29,10,9,5,7.2,4,Low,No
730,45,1,Basic,1060.38,10,7,5,6.8,3,High,No
731,66,1,Plus,501.58,6,8,0,4.4,4,High,No
732,42,0,Basic,515.23,4,8,0,5.7,3,Medium,Yes
733,50,3,Plus,761.07,5,1,2,7.1,1,Low,No
734,55,9,Plus,996.21,1,6,5,4.2,2,High,Yes
735,23,8,Plus,339.64,7,6,3,2.8,2,Low,No
736,61,6,Plus,924.0,8,3,0,6.2,4,High,No
737,62,9,Basic,883.41,9,8,4,2.2,4,Medium,No
738,49,6,Premium,508.33,8,7,5,3.4,1,Low,No
739,62,6,Plus,913.22,5,0,0,7.0,3,Medium,No
740,64,7,Basic,1146.16,3,1,3,5.9,2,High,No
741,38,0,Plus,342.11,10,1,2,3.5,3,High,No
742,33,9,Basic,587.69,9,7,5,2.1,1,Medium,No
743,38,9,Basic,694.36,6,0,0,3.2,2,High,No
744,28,7,Basic,1109.33,5,3,0,2.6,2,Medium,No
745,54,3,Premium,1166.04,3,9,4,1.8,0,Medium,No
746,53,3,Basic,699.7,6,4,4,6.1,1,Medium,No
747,52,3,Basic,975.03,3,8,5,2.4,1,High,No
748,36,5,Premium,778.49,10,6,0,3.9,0,Low,No
749,37,6,Premium,784.0,6,7,5,3.4,3,Medium,No
750,35,5,Basic,550.29,4,8,0,7.9,0,Low,No
751,64,0,Premium,495.26,2,6,4,3.4,1,High,No
752,58,7,Plus,559.2,8,4,3,1.1,3,High,No
753,66,9,Plus,800.7,4,4,1,1.2,2,Low,Yes
754,31,6,Premium,326.24,9,9,1,4.9,0,Medium,No
755,32,5,Premium,1116.52,7,5,0,5.0,3,High,No
756,48,5,Basic,440.66,2,4,4,3.6,3,Medium,Yes
757,18,4,Premium,498.08,4,8,2,3.7,3,Medium,Yes
758,20,5,Basic,766.45,5,2,2,0.9,0,Low,No
759,33,8,Plus,939.1,3,2,1,4.4,2,High,No
760,40,9,Premium,386.16,9,6,3,4.3,3,Low,No
761,28,8,Basic,585.93,5,6,1,1.6,0,High,No
762,29,9,Basic,1171.81,2,5,0,1.3,1,Low,No
763,27,7,Plus,536.11,3,2,3,1.4,0,High,No
764,49,9,Premium,581.75,9,6,2,1.3,0,High,No
765,33,8,Plus,1052.85,7,4,4,5.1,0,High,No
766,25,9,Basic,345.19,2,6,4,2.0,3,Medium,Yes
767,55,7,Basic,718.15,9,1,0,2.4,0,Medium,No
768,29,7,Premium,641.66,4,5,1,1.8,1,Low,No
769,41,0,Basic,584.93,9,7,0,7.7,3,Low,No
770,45,9,Premium,557.13,2,0,4,6.9,1,High,No
771,25,4,Plus,382.24,10,3,2,2.2,4,High,No
772,45,3,Premium,583.34,4,0,4,3.0,0,Medium,No
773,53,1,Premium,338.75,5,0,3,2.1,3,Medium,No
774,43,7,Basic,1002.87,2,9,5,4.2,3,Medium,Yes
775,25,2,Basic,658.41,10,7,4,0.6,0,Low,No
776,67,3,Premium,699.51,1,6,4,5.5,2,Medium,Yes
777,45,6,Basic,1104.24,7,9,5,4.4,2,Low,No
778,45,9,Basic,892.25,10,0,3,7.2,1,Medium,No
779,54,8,Basic,307.25,1,1,1,1.7,0,Medium,No
780,58,1,Premium,1148.86,8,3,4,6.5,0,High,No
781,53,2,Basic,513.43,3,0,0,6.4,4,Low,No
782,44,3,Premium,396.85,10,2,4,1.5,2,Medium,No
783,34,9,Basic,991.32,6,7,0,3.5,2,High,No
784,26,0,Plus,750.43,7,7,3,1.8,0,Low,No
785,50,6,Basic,690.39,10,7,4,2.4,1,Low,No
786,37,1,Basic,524.55,1,5,3,2.5,0,Medium,No
787,30,4,Premium,792.72,6,5,3,4.7,1,Low,No
788,45,0,Premium,546.95,7,4,1,3.6,2,High,No
789,65,2,Basic,1111.42,6,8,4,7.6,4,High,No
790,46,1,Plus,493.68,4,3,0,1.4,3,Low,No
791,30,0,Basic,1095.92,1,9,0,7.8,2,High,Yes
792,63,6,Basic,803.46,9,6,4,2.2,1,Low,No
793,52,4,Plus,1045.64,4,0,5,6.3,0,High,No
794,23,0,Premium,941.56,7,8,1,3.0,2,Low,No
795,35,5,Basic,927.03,7,6,1,1.6,4,Low,No
796,68,4,Premium,591.91,2,9,1,6.9,1,Low,No
797,22,2,Premium,510.51,1,8,0,2.8,0,High,No
798,64,6,Plus,489.8,8,6,3,5.4,3,Low,No
799,42,9,Plus,1071.47,8,1,5,4.7,1,Low,No
800,19,8,Premium,1038.38,7,5,1,4.0,0,Medium,No
801,27,8,Basic,696.52,8,9,0,4.2,3,Medium,No
802,47,8,Premium,419.16,3,3,0,6.0,0,Low,No
803,67,1,Basic,644.03,2,2,3,1.2,3,Medium,No
804,62,2,Basic,857.41,7,1,4,5.5,3,Low,No
805,22,6,Plus,708.96,8,5,4,7.2,3,Medium,No
806,50,4,Basic,1002.17,1,7,1,0.9,0,High,No
807,18,1,Basic,1197.86,10,5,1,1.6,3,High,No
808,35,2,Premium,472.02,9,8,5,5.9,1,Low,No
809,49,9,Plus,713.69,4,4,3,3.8,4,Low,Yes
810,64,5,Basic,687.89,4,1,1,3.5,4,High,No
811,66,6,Basic,574.04,3,7,3,1.5,3,High,Yes
812,28,8,Plus,478.29,6,8,0,4.3,4,Medium,No
813,38,0,Premium,359.12,1,9,1,1.4,4,Low,Yes
814,43,6,Plus,1098.41,6,3,0,4.1,3,High,No
815,42,7,Plus,677.86,2,5,2,6.2,3,High,Yes
816,39,2,Basic,747.21,9,9,3,2.4,1,Low,No
817,44,3,Basic,1125.25,2,7,2,4.1,2,Medium,Yes
818,66,9,Premium,998.66,7,8,1,7.9,0,Medium,No
819,30,5,Basic,417.45,1,4,0,5.6,3,Medium,Yes
820,50,9,Basic,808.88,7,5,1,6.8,3,Medium,No
821,51,6,Plus,698.03,5,3,2,3.6,4,High,No
822,58,3,Basic,1017.49,8,4,1,6.3,1,Low,No
823,52,7,Premium,951.81,4,6,5,0.8,4,Low,Yes
824,18,4,Plus,921.37,10,8,4,1.4,3,High,No
825,38,0,Premium,606.49,7,9,2,2.0,3,High,No
826,65,3,Plus,1024.47,6,5,1,3.5,4,High,No
827,23,2,Basic,347.15,5,5,0,6.8,3,Low,No
828,45,8,Plus,443.66,4,7,1,3.1,2,Low,Yes
829,34,7,Plus,602.06,7,3,0,5.4,0,Low,No
830,22,0,Basic,369.13,5,2,4,5.8,0,Medium,No
831,48,5,Basic,511.49,5,6,1,4.9,0,High,No
832,22,8,Premium,1047.14,1,4,4,3.2,2,High,Yes
833,55,6,Premium,1153.43,2,1,2,4.8,3,High,No
834,20,3,Basic,574.14,5,1,0,3.1,4,Low,No
835,40,0,Basic,538.06,3,5,5,1.1,1,High,No
836,54,1,Basic,551.9,2,7,2,7.9,3,High,Yes
837,54,4,Plus,549.95,4,0,0,1.5,2,Medium,No
838,27,4,Plus,332.34,4,5,4,1.0,2,Low,Yes
839,27,7,Plus,1134.22,4,1,3,7.1,0,High,No
840,36,5,Basic,492.33,4,1,1,2.8,3,Low,No
841,34,7,Premium,678.0,3,6,4,5.4,0,Low,No
842,38,1,Basic,308.72,7,9,0,3.0,1,Low,No
843,31,2,Plus,1072.16,9,0,0,3.4,0,Medium,No
844,26,5,Plus,958.04,5,5,0,2.5,1,Low,No
845,63,9,Basic,1152.08,4,6,0,3.1,2,Low,Yes
846,18,2,Basic,1003.45,2,7,1,3.6,0,Low,No
847,68,5,Plus,582.34,2,6,2,5.9,0,High,No
848,62,5,Plus,523.09,5,5,5,4.3,4,Medium,No
849,30,1,Plus,927.94,7,8,3,7.6,2,High,No
850,21,6,Basic,627.7,10,2,1,0.8,4,Medium,No
851,18,1,Plus,809.59,10,5,0,4.3,1,Medium,No
852,66,5,Plus,305.63,9,3,1,4.9,1,Low,No
853,57,0,Premium,355.7,7,1,4,7.4,2,Low,No
854,49,2,Basic,781.83,5,0,5,0.9,1,High,No
855,51,1,Premium,809.46,10,0,0,4.8,2,Medium,No
856,45,6,Premium,976.31,10,9,3,6.9,1,Low,No
857,48,3,Plus,418.77,10,2,0,2.3,3,Low,No
858,25,7,Basic,761.86,6,3,5,7.1,0,Low,No
859,56,5,Plus,475.0,3,1,3,0.6,3,Low,No
860,43,9,Basic,383.88,5,0,5,6.0,2,High,No
861,51,3,Premium,669.45,8,3,3,7.5,2,High,No
862,20,4,Basic,447.0,1,6,2,5.4,3,Low,Yes
863,67,8,Plus,499.6,1,9,2,3.8,0,Low,No
864,29,6,Plus,585.8,7,5,1,0.8,0,Low,No
865,18,9,Plus,533.45,5,5,1,7.4,4,Low,No
866,61,8,Basic,378.83,5,8,3,4.0,1,Low,No
867,22,6,Premium,380.92,1,1,0,0.7,4,Medium,No
868,47,0,Premium,473.92,9,3,4,5.7,0,Medium,No
869,47,7,Basic,345.5,1,4,4,4.1,3,Medium,Yes
870,34,3,Plus,863.81,5,0,0,1.4,1,Medium,No
871,65,2,Premium,558.59,10,7,0,2.1,3,Low,No
872,64,6,Plus,551.77,9,7,2,1.0,4,Medium,No
873,40,2,Basic,598.8,4,5,4,4.8,2,Medium,Yes
874,32,7,Plus,896.52,8,4,3,5.2,3,High,No
875,54,5,Premium,1083.57,6,7,5,4.3,4,Medium,No
876,38,4,Premium,983.18,3,2,1,6.6,4,Medium,No
877,31,3,Plus,954.78,4,2,5,7.0,4,Low,No
878,19,7,Basic,735.95,2,1,2,5.1,2,Medium,No
879,28,7,Plus,924.43,1,4,4,0.6,2,Medium,Yes
880,68,0,Basic,797.49,8,2,0,5.7,2,Low,No
881,56,8,Plus,494.63,1,2,4,3.6,1,Medium,No
882,55,4,Premium,487.73,1,5,3,4.7,2,Low,Yes
883,51,3,Basic,566.75,4,7,2,5.4,2,Medium,Yes
884,55,5,Basic,1119.72,10,1,0,3.1,2,High,No
885,67,5,Basic,792.67,10,3,5,7.4,3,High,No
886,51,1,Premium,960.51,6,6,3,1.5,2,Medium,No
887,35,7,Plus,611.9,9,0,5,5.5,1,High,No
888,47,6,Premium,666.94,1,0,1,0.5,4,Low,No
889,32,0,Basic,413.01,7,9,2,7.4,3,Medium,No
890,44,4,Plus,454.17,10,6,3,1.3,0,Low,No
891,68,5,Premium,1044.62,5,6,3,1.2,2,High,No
892,51,3,Basic,826.35,8,0,5,3.0,4,Low,No
893,69,1,Basic,603.78,7,0,0,3.3,4,High,No
894,55,3,Premium,1022.57,4,3,1,2.1,3,High,No
895,50,0,Premium,521.87,4,4,5,4.9,0,High,No
896,41,6,Premium,1178.43,6,4,3,3.8,1,Low,No
897,32,1,Basic,610.34,6,3,2,0.8,4,High,No
898,47,1,Premium,603.58,9,7,3,2.9,4,Medium,No
899,59,8,Basic,580.72,5,6,4,6.6,4,High,No
900,68,4,Premium,409.9,8,8,2,5.7,4,Medium,No
901,34,1,Basic,400.02,5,6,2,5.9,3,Medium,No
902,22,8,Basic,883.29,2,9,3,5.7,0,Medium,No
903,46,8,Plus,1087.61,6,0,0,2.8,4,Medium,No
904,21,0,Premium,1011.47,9,6,2,1.2,1,Low,No
905,27,2,Premium,427.0,3,0,4,2.5,1,Medium,No
906,34,3,Basic,791.02,1,6,5,6.7,2,High,Yes
907,27,6,Basic,395.03,1,9,0,7.9,4,Medium,Yes
908,34,9,Basic,340.77,3,7,0,4.2,4,High,Yes
909,37,3,Plus,890.75,10,8,0,0.6,4,Low,No
910,41,1,Plus,781.64,5,2,2,1.6,4,Medium,No
911,22,6,Basic,373.82,3,3,0,2.9,4,High,No
912,51,5,Premium,331.45,9,3,3,4.8,1,Low,No
913,23,2,Premium,1190.78,8,8,0,1.1,0,Low,No
914,19,5,Plus,327.02,3,6,4,7.6,0,High,No
915,30,5,Plus,700.08,9,2,1,3.2,2,Medium,No
916,60,4,Basic,754.16,6,9,4,7.3,1,Low,No
917,60,3,Premium,405.55,7,4,2,6.4,4,High,No
918,65,9,Basic,452.16,4,6,0,6.2,0,Medium,No
919,28,0,Plus,616.62,4,7,0,5.1,3,Low,Yes
920,68,9,Premium,985.51,2,0,3,5.2,3,High,No
921,64,5,Premium,756.37,5,1,5,5.3,3,Low,No
922,40,1,Plus,874.11,8,6,0,5.2,4,Low,No
923,33,2,Basic,1186.66,7,1,4,4.7,4,High,No
924,48,7,Basic,991.2,7,6,2,7.9,2,Low,No
925,28,9,Premium,690.93,6,8,1,6.0,2,High,No
926,33,5,Plus,701.8,3,1,0,6.3,2,Medium,No
927,25,2,Premium,856.89,5,6,1,7.0,3,High,No
928,21,6,Plus,898.83,1,3,0,2.1,4,Medium,No
929,57,3,Basic,750.64,7,1,2,1.1,3,Low,No
930,21,8,Plus,880.38,9,6,5,4.1,2,High,No
931,42,4,Basic,321.18,1,4,4,4.4,4,High,Yes
932,20,2,Plus,686.66,2,0,2,6.7,1,High,No
933,49,1,Premium,551.04,3,4,1,3.8,0,High,No
934,20,1,Basic,416.26,3,2,0,4.8,0,Medium,No
935,44,2,Premium,389.59,8,6,1,4.5,2,Medium,No
936,46,1,Premium,842.87,7,5,4,0.8,3,Low,No
937,49,3,Basic,771.24,6,7,2,5.1,1,Low,No
938,67,1,Basic,528.23,10,4,1,6.7,4,Low,No
939,68,9,Premium,723.86,10,1,1,1.7,3,Low,No
940,36,8,Premium,743.01,4,8,4,5.0,2,High,Yes
941,38,1,Premium,475.51,9,7,0,5.0,3,Medium,No
942,22,8,Premium,886.88,1,5,1,1.7,2,Medium,Yes
943,35,5,Basic,1002.83,2,9,4,1.4,0,Medium,No
944,45,0,Basic,1012.32,4,6,0,7.9,0,Medium,No
945,59,3,Premium,842.22,3,8,5,3.5,3,Low,Yes
946,39,0,Plus,760.47,1,6,0,2.2,1,High,No
947,38,5,Plus,354.91,5,2,5,1.8,4,Medium,No
948,23,3,Basic,559.05,7,5,2,5.5,2,High,No
949,18,2,Premium,383.94,2,6,4,5.1,4,High,Yes
950,22,2,Premium,1167.44,5,1,0,5.3,0,High,No
951,58,8,Basic,421.57,6,2,5,1.2,1,High,No
952,29,5,Plus,436.6,7,3,5,7.2,1,Medium,No
953,43,8,Plus,1100.62,1,9,2,3.4,4,Medium,Yes
954,63,4,Plus,1149.54,7,5,3,2.9,0,Medium,No
955,51,1,Basic,989.25,4,0,4,4.0,4,Low,No
956,66,7,Plus,304.86,8,8,3,3.4,3,Medium,No
957,31,4,Basic,301.21,4,4,0,7.0,1,Low,No
958,43,1,Basic,640.29,6,6,4,7.5,1,Low,No
959,62,3,Premium,429.06,9,8,2,2.8,3,Low,No
960,44,8,Plus,316.55,5,8,0,7.0,0,Medium,No
961,26,3,Basic,717.66,4,0,4,6.4,1,Medium,No
962,43,3,Plus,1148.76,8,0,4,7.5,2,Medium,No
963,64,1,Plus,591.44,9,2,3,2.3,2,Low,No
964,39,5,Premium,895.03,4,5,0,4.8,0,Low,No
965,64,1,Plus,887.01,3,1,2,2.6,3,High,No
966,47,6,Premium,525.97,8,9,2,6.7,4,Low,No
967,60,2,Basic,885.38,5,0,0,0.5,0,Low,No
968,65,2,Plus,491.1,2,0,0,4.7,4,Medium,No
969,34,4,Basic,409.81,10,4,5,3.0,0,High,No
970,43,2,Plus,931.24,9,3,1,2.9,2,High,No
971,53,1,Basic,402.1,3,0,3,5.3,3,High,No
972,18,9,Plus,1197.22,2,3,0,6.9,2,Medium,No
973,25,8,Plus,465.11,1,2,0,5.1,3,High,No
974,66,1,Plus,834.73,8,1,1,6.9,4,High,No
975,52,1,Plus,670.24,3,8,1,2.5,0,Medium,No
976,69,7,Plus,413.75,7,0,4,4.4,1,High,No
977,32,8,Plus,325.06,1,6,2,3.9,1,Low,No
978,64,6,Plus,860.46,1,3,3,0.6,3,Low,No
979,39,2,Plus,1026.08,9,4,4,4.7,3,Low,No
980,31,8,Plus,1057.81,8,9,0,5.5,2,Low,No
981,43,2,Basic,734.44,3,4,1,4.9,1,Low,No
982,45,4,Premium,999.71,6,0,5,6.0,2,Low,No
983,40,8,Plus,905.56,3,5,2,4.8,4,Low,Yes
984,31,2,Premium,951.83,4,8,4,1.0,1,Low,No
985,41,6,Plus,743.34,1,1,5,1.4,4,Low,No
986,19,0,Plus,870.07,5,6,2,5.0,0,Medium,No
987,62,3,Basic,1024.97,1,5,5,2.6,2,Medium,Yes
988,43,3,Basic,658.1,1,4,1,1.1,3,Low,Yes
989,31,6,Premium,1025.38,10,3,4,3.7,1,Medium,No
990,68,7,Basic,832.82,7,3,4,4.7,2,Medium,No
991,24,0,Basic,449.31,6,5,2,3.0,3,Low,No
992,20,4,Premium,322.22,2,3,5,5.9,0,Low,No
993,64,6,Basic,626.48,2,4,1,5.3,1,Medium,No
994,40,3,Plus,792.03,7,5,0,3.0,4,Low,No
995,63,3,Premium,1055.84,1,4,4,6.2,0,Low,No
996,60,3,Premium,414.74,2,6,0,5.4,3,Low,Yes
997,64,5,Plus,1020.19,8,8,1,5.3,1,Low,No
998,62,6,Basic,1076.71,6,9,4,4.7,1,Medium,No
999,35,1,Premium,435.62,2,6,4,0.6,0,High,No
1000,55,4,Premium,1066.43,7,6,5,5.7,1,Medium,No
1001,52,3,Plus,1192.31,4,3,0,3.3,3,High,No
1002,68,2,Plus,954.15,2,0,5,7.6,0,High,No
1003,32,6,Basic,1006.29,6,7,3,6.6,4,High,No
1004,42,5,Premium,1194.97,9,3,0,4.9,0,Medium,No
1005,54,6,Basic,844.93,9,0,0,2.4,0,Medium,No
1006,45,4,Basic,577.1,8,4,3,2.0,4,Medium,No
1007,27,5,Plus,1053.78,3,7,1,3.1,3,Medium,Yes
1008,56,4,Premium,853.04,3,3,1,4.1,2,Medium,No
1009,34,6,Premium,823.08,2,7,4,2.7,2,High,Yes
1010,56,1,Premium,528.27,5,7,2,4.4,4,Medium,No
1011,39,4,Plus,980.7,4,2,5,1.7,3,High,No
1012,43,5,Plus,373.5,7,8,2,7.8,1,Medium,No
1013,61,5,Plus,1131.86,4,2,4,1.3,4,Medium,No
1014,42,4,Plus,593.24,9,0,2,7.5,2,Low,No
1015,34,9,Plus,415.0,2,1,0,7.4,3,High,No
1016,30,6,Premium,698.13,6,5,0,4.4,0,Medium,No
1017,37,9,Basic,338.22,7,9,3,5.9,3,Medium,No
1018,42,7,Premium,916.16,4,1,3,3.8,3,Medium,No
1019,21,6,Basic,1112.43,6,5,4,5.2,2,Low,No
1020,27,4,Plus,1053.54,7,0,4,3.1,2,High,No
1021,20,0,Basic,414.63,4,0,4,2.8,1,Medium,No
1022,58,4,Premium,413.64,8,4,0,4.8,1,Medium,No
1023,62,9,Premium,1032.09,9,9,2,4.2,4,Medium,No
1024,35,1,Basic,1131.83,1,8,5,4.8,0,Low,No
1025,64,4,Plus,714.6,7,7,4,2.6,1,Medium,No
1026,53,4,Plus,749.07,9,2,4,3.3,2,High,No
1027,64,1,Premium,586.44,10,2,0,1.1,3,High,No
1028,39,4,Basic,1104.84,5,0,5,0.9,4,High,No
1029,51,3,Plus,880.41,2,2,0,2.4,1,High,No
1030,64,0,Plus,559.43,10,0,5,1.1,3,Medium,No
1031,25,2,Premium,568.9,6,7,0,1.3,3,Low,No
1032,57,0,Plus,1102.08,7,0,2,6.6,1,Low,No
1033,66,4,Basic,312.27,2,4,4,0.8,0,Low,No
1034,61,3,Premium,590.45,2,8,1,5.4,0,Medium,No
1035,36,6,Premium,798.92,10,6,1,2.5,4,Low,No
1036,59,4,Basic,433.4,10,3,4,7.0,0,High,No
1037,58,9,Premium,382.89,1,8,4,4.1,4,Medium,Yes
1038,54,3,Plus,1033.75,4,8,4,2.8,2,Low,Yes
1039,23,1,Plus,1104.96,7,1,4,4.4,1,High,No
1040,69,3,Basic,1041.25,9,9,5,3.4,3,High,No
1041,43,1,Plus,1108.91,3,9,2,4.7,4,Medium,Yes
1042,51,7,Basic,797.8,7,5,1,1.4,0,Medium,No
1043,62,2,Basic,1031.03,7,3,3,8.0,4,Low,No
1044,23,8,Plus,645.64,7,7,1,3.7,4,Low,No
1045,54,3,Basic,899.64,2,6,1,3.1,0,Low,No
1046,50,5,Plus,1189.95,6,6,0,5.8,0,Medium,No
1047,39,9,Premium,503.15,2,9,4,3.2,1,Low,No
1048,38,4,Premium,650.91,6,8,4,6.7,3,Low,No
1049,23,9,Basic,732.04,10,4,4,3.9,1,High,No
1050,23,0,Plus,424.21,3,5,0,5.9,1,High,No
1051,65,8,Plus,372.93,2,0,2,1.3,0,High,No
1052,21,0,Premium,1046.75,6,5,2,6.8,0,Low,No
1053,47,7,Premium,1179.11,2,1,3,6.0,3,Medium,No
1054,28,8,Plus,664.25,5,5,2,2.1,4,High,No
1055,47,8,Basic,378.88,2,8,2,1.6,1,Medium,No
1056,48,0,Premium,359.23,3,7,4,2.9,3,Low,Yes
1057,41,1,Basic,1102.19,3,8,5,7.8,1,Low,No
1058,26,0,Basic,717.43,6,9,1,2.4,4,High,No
1059,20,9,Premium,588.02,6,7,2,3.9,1,Medium,No
1060,68,1,Basic,728.82,10,2,2,0.7,2,High,No
1061,48,9,Basic,586.47,3,7,0,3.5,3,Low,Yes
1062,57,7,Plus,740.13,3,5,3,4.8,0,Medium,No
1063,54,4,Basic,1073.6,1,5,5,7.6,1,High,No
1064,53,6,Plus,833.07,7,5,0,4.4,3,Low,No
1065,41,1,Premium,925.19,8,2,4,6.6,3,High,No
1066,48,7,Premium,628.2,2,9,1,4.6,1,Medium,No
1067,23,5,Plus,964.66,4,0,3,0.8,0,Medium,No
1068,19,7,Premium,899.96,10,3,0,2.9,0,Medium,No
1069,37,0,Basic,407.61,7,9,2,4.8,1,Medium,No
1070,45,0,Basic,815.38,8,5,2,7.6,3,Medium,No
1071,28,6,Basic,531.07,1,9,3,6.9,0,High,No
1072,21,7,Premium,1023.69,4,1,2,2.2,1,High,No
1073,32,2,Basic,683.34,6,6,0,2.2,1,High,No
1074,23,4,Premium,1195.22,3,6,0,2.0,1,High,No
1075,66,0,Basic,383.25,5,3,2,7.4,3,Low,No
1076,47,6,Plus,1002.31,10,3,2,6.9,0,Low,No
1077,55,4,Premium,906.33,9,0,4,6.3,3,High,No
1078,68,7,Premium,990.75,3,1,1,3.4,2,Low,No
1079,19,7,Basic,576.78,5,8,3,4.3,0,Low,No
1080,32,8,Premium,742.85,8,9,0,4.0,3,Medium,No
1081,28,6,Premium,1016.86,6,7,3,2.4,0,High,No
1082,25,0,Plus,509.29,4,7,4,4.3,2,Low,Yes
1083,43,2,Plus,503.43,8,8,0,0.7,4,Low,No
1084,68,7,Basic,795.95,3,6,4,1.5,1,High,No
1085,62,2,Plus,771.21,3,8,4,7.1,3,Medium,Yes
1086,61,7,Basic,554.04,4,9,5,6.1,2,High,Yes
1087,22,0,Basic,568.27,9,1,2,3.7,2,Medium,No
1088,23,4,Basic,550.06,5,5,5,4.4,0,Low,No
1089,43,3,Premium,994.36,8,2,3,3.3,0,Medium,No
1090,21,4,Plus,886.71,6,5,3,6.1,1,Medium,No
1091,36,7,Basic,1049.18,3,2,2,6.4,0,High,No
1092,37,9,Plus,1177.93,8,7,5,6.2,3,Low,No
1093,50,3,Basic,726.75,9,3,3,5.9,3,High,No
1094,37,3,Plus,360.02,8,9,5,2.0,3,High,No
1095,66,2,Plus,343.28,4,5,2,3.0,4,Low,Yes
1096,29,6,Basic,566.1,6,8,0,4.0,3,High,No
1097,64,2,Premium,1139.29,1,1,4,3.0,0,High,No
1098,18,2,Plus,770.89,4,1,4,6.2,0,Medium,No
1099,43,9,Premium,544.61,8,6,5,3.0,3,High,No
1100,31,4,Premium,659.25,1,1,3,1.5,2,Low,No
1101,55,4,Basic,838.74,3,1,5,3.5,2,High,No
1102,54,5,Basic,887.65,1,3,5,7.8,2,Medium,No
1103,28,7,Basic,438.53,9,8,1,2.2,1,High,No
1104,53,9,Plus,1179.33,2,7,4,5.1,4,High,Yes
1105,30,5,Basic,790.3,9,1,2,3.7,3,High,No
1106,60,0,Basic,422.12,4,7,5,1.0,1,Medium,No
1107,20,7,Plus,1104.27,2,3,1,4.2,2,Low,No
1108,50,7,Plus,367.17,4,1,1,5.8,3,Low,No
1109,23,8,Basic,1116.96,10,9,4,4.3,1,Medium,No
1110,67,8,Basic,1196.91,6,6,4,7.0,0,Medium,No
1111,27,1,Basic,930.39,7,5,4,2.7,2,High,No
1112,22,1,Basic,993.4,3,9,2,1.1,1,Low,No
1113,40,2,Premium,603.57,3,4,1,7.5,0,Medium,No
1114,27,0,Premium,1147.42,10,0,3,3.3,2,Low,No
1115,61,3,Basic,776.74,8,1,2,4.8,4,High,No
1116,19,3,Premium,959.15,5,7,0,6.4,2,Medium,No
1117,30,8,Plus,1131.7,4,0,5,2.9,4,Low,No
1118,57,8,Premium,1177.66,7,2,4,5.9,4,Low,No
1119,19,8,Premium,1049.88,7,1,1,1.5,4,High,No
1120,37,9,Basic,572.72,9,4,5,2.7,3,Medium,No
1121,18,6,Premium,1169.89,9,3,2,1.6,3,Low,No
1122,54,1,Premium,865.31,5,6,0,6.6,4,High,No
1123,26,9,Premium,1137.58,8,4,2,2.2,0,Low,No
1124,34,4,Premium,908.49,10,7,2,5.9,4,High,No
1125,26,3,Plus,576.52,1,3,3,7.6,1,Low,No
1126,28,7,Basic,633.02,9,5,5,4.5,4,Low,No
1127,32,1,Basic,795.42,8,3,3,4.6,3,High,No
1128,41,5,Plus,1011.01,6,1,2,4.0,3,Medium,No
1129,55,4,Premium,586.18,3,0,0,2.9,1,High,No
1130,52,1,Plus,821.76,3,0,1,4.1,1,Medium,No
1131,47,9,Premium,611.06,8,7,1,5.0,2,Low,No
1132,48,0,Plus,1034.19,5,3,5,7.9,0,Low,No
1133,66,7,Basic,720.06,10,4,4,7.5,0,High,No
1134,22,1,Basic,369.05,7,7,4,7.0,0,High,No
1135,61,6,Basic,449.45,5,6,1,7.2,3,Medium,No
1136,67,8,Premium,354.99,8,7,2,4.0,0,Medium,No
1137,31,8,Premium,749.37,10,7,2,5.4,2,Medium,No
1138,28,7,Plus,395.7,10,5,3,7.2,2,High,No
1139,26,9,Plus,402.73,4,9,5,3.4,0,Low,No
1140,51,8,Basic,1146.94,2,1,3,7.7,1,High,No
1141,29,1,Premium,1085.39,3,5,4,3.6,2,Low,Yes
1142,52,5,Plus,706.88,8,0,1,5.0,1,High,No
1143,52,3,Premium,1187.22,7,0,2,5.8,3,High,No
1144,18,3,Premium,300.17,2,2,1,7.6,2,Medium,No
1145,57,4,Basic,852.58,6,2,0,2.3,1,Low,No
1146,39,2,Basic,854.79,9,4,1,6.1,0,High,No
1147,46,0,Premium,711.7,4,0,0,4.4,3,High,No
1148,25,7,Premium,657.25,9,9,3,2.5,4,Low,No
1149,28,4,Premium,709.84,2,5,3,6.3,4,High,Yes
1150,58,2,Premium,673.46,2,6,4,4.6,0,Low,No
1151,54,9,Basic,957.44,9,9,1,5.5,3,Medium,No
1152,31,6,Plus,421.82,7,2,1,2.9,3,Medium,No
1153,47,6,Basic,477.88,7,3,0,4.1,3,Low,No
1154,52,0,Plus,462.47,1,9,3,5.1,3,Medium,Yes
1155,38,8,Premium,536.22,6,9,0,3.5,4,Low,No
1156,54,1,Plus,772.73,7,9,3,2.0,1,High,No
1157,22,4,Basic,400.09,6,9,0,7.7,3,High,No
1158,36,4,Basic,1081.35,6,9,3,4.3,1,Low,No
1159,31,7,Premium,567.63,2,2,0,6.0,3,High,No
1160,43,7,Basic,446.28,6,0,3,3.6,2,Medium,No
1161,21,6,Premium,908.06,4,7,5,3.2,2,High,Yes
1162,42,6,Basic,334.28,9,9,0,3.6,2,High,No
1163,62,5,Basic,857.97,1,9,1,3.6,3,Low,Yes
1164,59,5,Premium,928.38,8,1,4,4.6,1,Medium,No
1165,42,8,Plus,493.42,5,0,5,4.6,4,High,No
1166,35,5,Basic,337.77,1,7,5,4.2,0,High,No
1167,57,1,Plus,627.28,4,6,0,1.5,4,Low,Yes
1168,25,1,Basic,388.73,1,6,4,4.2,3,Low,Yes
1169,56,4,Basic,404.83,6,3,1,1.8,2,Medium,No
1170,57,3,Basic,528.84,2,8,5,1.4,2,High,Yes
1171,31,1,Basic,565.92,5,5,1,7.5,1,Low,No
1172,49,2,Plus,776.97,7,1,3,5.0,3,Low,No
1173,68,6,Plus,910.55,2,0,4,5.4,4,Low,No
1174,55,7,Basic,833.49,6,0,2,3.5,3,Medium,No
1175,50,5,Basic,433.52,6,8,3,7.3,3,Low,No
1176,40,4,Plus,454.88,5,3,4,5.3,2,Medium,No
1177,32,0,Premium,1090.89,5,4,0,6.3,4,Medium,No
1178,50,7,Premium,802.52,3,2,0,3.3,0,High,No
1179,42,2,Plus,1082.94,10,3,1,7.7,2,High,No
1180,34,5,Basic,634.39,10,7,5,6.7,4,Medium,No
1181,50,2,Basic,852.96,2,3,2,6.9,1,High,No
1182,64,6,Premium,771.3,7,8,0,1.8,2,High,No
1183,19,6,Premium,587.21,1,8,4,2.5,1,Low,No
1184,31,8,Plus,722.92,6,5,5,2.6,2,High,No
1185,57,4,Premium,752.24,6,1,5,2.5,3,Medium,No
1186,57,7,Plus,480.69,3,9,4,6.9,4,High,Yes
1187,68,9,Premium,583.51,2,6,5,0.7,1,Low,No
1188,56,9,Premium,1012.27,2,8,0,1.1,2,Medium,Yes
1189,68,7,Premium,1124.21,9,5,4,2.6,1,High,No
1190,23,0,Basic,623.81,5,2,4,2.0,2,Medium,No
1191,23,4,Basic,576.28,7,6,1,2.2,2,High,No
1192,20,2,Basic,475.68,5,4,2,6.5,0,Low,No
1193,24,0,Premium,910.64,7,0,1,4.7,0,High,No
1194,68,3,Plus,590.79,4,2,2,0.5,0,Medium,No
1195,25,7,Plus,1188.97,8,4,4,3.7,1,Medium,No
1196,59,2,Plus,593.12,10,6,5,3.6,3,Medium,No
1197,69,9,Plus,654.72,10,2,2,1.4,2,High,No
1198,32,1,Basic,843.0,7,5,4,5.6,4,High,No
1199,64,8,Basic,1021.52,10,4,4,5.8,0,High,No
1200,46,9,Premium,722.57,5,0,1,5.9,1,Low,No
1201,50,4,Premium,680.39,6,9,1,6.0,1,Low,No
1202,69,6,Plus,1196.07,5,5,5,0.5,1,Low,No
1203,47,1,Basic,309.44,7,7,3,7.7,4,Medium,No
1204,56,8,Plus,1105.56,2,0,0,6.6,4,Medium,No
1205,44,8,Premium,434.23,5,1,3,7.3,0,Medium,No
1206,53,3,Premium,1007.33,10,3,3,0.6,4,Medium,No
1207,46,3,Plus,856.14,3,1,5,7.5,0,Medium,No
1208,55,5,Premium,607.66,9,8,2,6.6,4,High,No
1209,50,9,Plus,1086.49,6,9,5,6.8,4,Medium,No
1210,54,9,Basic,311.62,10,7,5,1.2,4,High,No
1211,44,9,Plus,504.02,3,7,4,6.0,0,Low,No
1212,50,5,Basic,810.2,7,3,4,7.7,2,Low,No
1213,21,0,Basic,616.39,4,4,4,5.6,0,Low,No
1214,39,8,Premium,849.34,3,3,0,4.8,2,Low,No
1215,19,1,Premium,321.7,8,8,2,7.6,1,Low,No
1216,27,4,Premium,404.81,4,1,2,3.8,1,Medium,No
1217,22,8,Plus,414.39,1,7,4,5.0,0,Medium,No
1218,27,3,Plus,470.36,6,1,3,4.1,2,Medium,No
1219,50,2,Premium,713.4,10,0,0,7.5,2,Low,No
1220,55,6,Plus,976.92,1,9,3,1.1,2,Low,Yes
1221,30,5,Premium,1114.98,5,2,1,4.3,1,High,No
1222,48,7,Plus,1051.84,7,8,2,5.7,0,Medium,No
1223,64,2,Basic,477.2,6,2,2,6.4,3,Low,No
1224,53,4,Basic,697.04,2,8,3,4.9,2,Low,Yes
1225,62,9,Premium,479.47,4,6,0,7.3,2,Low,Yes
1226,41,3,Plus,538.02,2,9,2,7.6,3,High,Yes
1227,69,3,Plus,753.19,1,0,3,1.0,0,Low,No
1228,32,3,Basic,361.3,3,9,5,3.5,2,High,Yes
1229,46,9,Basic,496.36,3,4,5,0.7,0,High,No
1230,25,7,Premium,1141.84,7,8,0,3.0,2,Medium,No
1231,22,5,Basic,719.5,1,2,3,4.5,4,Low,No
1232,46,2,Premium,700.85,9,8,5,7.3,2,High,No
1233,64,9,Basic,313.11,6,4,0,6.8,4,Low,No
1234,21,4,Basic,522.66,4,8,4,1.5,0,Medium,No
1235,29,5,Plus,1079.66,3,9,0,1.2,2,Medium,Yes
1236,62,4,Basic,448.17,3,5,1,4.9,1,High,No
1237,19,5,Basic,673.61,2,8,4,4.5,1,Medium,No
1238,44,7,Premium,312.9,2,6,3,2.5,3,Medium,Yes
1239,48,6,Basic,730.5,10,6,4,7.2,1,Medium,No
1240,68,4,Premium,318.92,5,7,4,7.5,4,Low,No
1241,68,9,Basic,1037.65,9,6,3,3.5,1,Low,No
1242,53,5,Basic,1042.37,2,8,3,7.2,1,High,No
1243,53,3,Premium,1008.97,2,8,5,3.4,1,High,No
1244,43,8,Plus,555.03,6,5,1,6.0,2,Medium,No
1245,60,3,Premium,1053.51,10,6,3,4.1,3,Medium,No
1246,44,0,Premium,788.7,2,1,2,1.4,0,High,No
1247,22,6,Premium,636.43,4,8,2,7.5,3,Medium,Yes
1248,37,6,Plus,862.8,6,0,1,3.9,4,High,No
1249,28,3,Basic,311.11,5,0,0,6.0,2,Low,No
1250,27,2,Premium,428.66,1,2,0,3.3,2,Medium,No
1251,57,7,Premium,968.06,6,5,2,0.6,1,Medium,No
1252,55,4,Plus,519.75,1,4,3,1.3,1,Medium,No
1253,23,9,Premium,838.21,3,1,1,4.2,4,Low,No
1254,25,6,Basic,646.59,10,8,0,5.7,2,Low,No
1255,40,3,Plus,1069.33,5,9,0,3.0,0,Medium,No
1256,64,3,Basic,1157.17,10,3,4,5.7,3,High,No
1257,43,7,Basic,1095.21,5,3,2,5.7,2,Low,No
1258,63,7,Plus,543.56,10,4,3,5.8,0,Medium,No
1259,60,1,Premium,474.75,6,7,1,4.2,0,Medium,No
1260,29,1,Basic,726.99,10,9,0,7.4,3,Low,No
1261,43,2,Basic,306.6,8,3,4,4.2,0,High,No
1262,30,2,Basic,323.23,5,4,2,3.9,4,Medium,No
1263,57,0,Basic,797.96,1,3,2,2.0,0,High,No
1264,35,2,Plus,768.4,5,5,1,2.8,4,High,No
1265,42,5,Plus,1195.12,3,2,0,0.8,0,Low,No
1266,50,7,Basic,481.66,4,7,1,5.3,1,Medium,No
1267,64,9,Premium,532.29,8,5,1,2.4,0,Medium,No
1268,57,5,Basic,402.19,7,9,5,2.8,4,High,No
1269,60,4,Premium,1125.79,5,4,4,6.3,0,Low,No
1270,29,3,Basic,1000.03,2,1,2,3.0,0,Low,No
1271,61,2,Premium,1040.11,6,9,5,2.3,0,Low,No
1272,53,3,Basic,1112.49,6,9,3,1.8,4,High,No
1273,65,6,Premium,772.41,10,6,2,6.3,0,High,No
1274,21,0,Basic,706.07,10,1,2,1.5,3,Medium,No
1275,22,6,Basic,597.35,6,0,4,3.9,3,Low,No
1276,54,0,Premium,830.29,9,6,3,4.3,4,High,No
1277,25,1,Plus,708.85,8,4,0,5.7,1,Low,No
1278,59,3,Premium,706.41,8,0,3,5.2,3,High,No
1279,66,0,Plus,1143.24,1,3,0,6.6,2,Medium,No
1280,45,8,Basic,1185.63,5,3,3,0.8,3,Low,No
1281,48,5,Premium,1016.84,7,9,1,2.7,2,High,No
1282,26,0,Premium,981.08,6,6,3,2.6,4,Low,No
1283,68,0,Premium,912.5,5,8,5,1.6,1,High,No
1284,46,5,Plus,449.47,8,1,5,2.7,2,High,No
1285,31,3,Plus,353.2,3,0,4,2.8,2,High,No
1286,57,3,Basic,921.65,6,1,0,4.4,3,Low,No
1287,58,5,Plus,955.91,5,6,2,5.5,2,High,No
1288,39,6,Plus,342.28,8,9,4,3.4,4,Medium,No
1289,28,8,Basic,1135.25,4,5,5,5.9,4,Low,Yes
1290,40,9,Premium,382.03,8,3,5,3.0,4,Medium,No
1291,18,4,Premium,557.31,10,0,0,2.7,3,Medium,No
1292,63,8,Basic,905.15,2,0,5,4.6,1,Low,No
1293,54,3,Premium,452.89,9,4,5,0.7,3,High,No
1294,38,9,Plus,349.87,9,0,0,1.1,4,Medium,No
1295,43,1,Basic,598.03,10,6,5,3.6,3,Low,No
1296,63,2,Basic,989.37,10,0,2,7.6,4,High,No
1297,53,0,Basic,672.31,6,0,1,5.9,0,Low,No
1298,40,5,Premium,887.68,4,1,4,1.2,0,Low,No
1299,18,5,Basic,821.66,4,9,2,6.8,2,Low,Yes
1300,68,0,Basic,320.0,6,2,2,6.0,1,High,No
1301,57,2,Basic,1189.69,5,0,1,5.1,0,Medium,No
1302,32,4,Premium,337.29,6,8,4,6.7,4,Medium,No
1303,38,2,Plus,1171.02,7,9,2,3.5,3,Low,No
1304,64,9,Basic,794.88,7,7,5,2.2,3,Low,No
1305,26,2,Plus,1166.84,9,4,1,4.3,2,High,No
1306,26,9,Premium,403.28,8,1,4,4.6,3,Low,No
1307,27,2,Premium,741.37,6,4,3,4.5,0,Low,No
1308,69,4,Premium,452.55,6,5,0,4.7,3,Low,No
1309,43,4,Premium,345.88,5,0,5,7.6,0,Medium,No
1310,58,3,Plus,855.78,1,3,1,7.3,0,Low,No
1311,52,0,Basic,487.01,9,8,0,7.1,1,Medium,No
1312,69,4,Premium,828.93,9,1,3,6.5,2,High,No
1313,42,9,Premium,401.13,9,4,2,7.6,4,High,No
1314,43,4,Plus,598.79,8,0,2,1.2,0,Medium,No
1315,28,3,Plus,1003.47,10,3,4,2.5,2,Medium,No
1316,55,5,Premium,693.35,3,3,1,4.2,4,Medium,No
1317,19,9,Basic,864.97,1,5,1,6.8,3,Medium,Yes
1318,24,3,Basic,882.71,8,9,4,4.3,2,Low,No
1319,35,6,Premium,1059.38,7,8,0,6.1,2,Medium,No
1320,44,6,Plus,592.43,5,2,2,1.5,2,Medium,No
1321,51,1,Premium,918.57,10,8,2,2.4,3,Medium,No
1322,44,2,Premium,1165.45,7,5,1,6.0,3,Low,No
1323,34,0,Plus,957.22,10,6,1,1.7,2,Low,No
1324,60,7,Premium,740.88,4,9,4,3.1,1,Low,No
1325,61,8,Premium,867.65,9,1,3,2.5,0,High,No
1326,68,3,Premium,965.71,10,9,0,3.1,3,Low,No
1327,41,5,Plus,851.05,2,5,5,5.8,1,Medium,No
1328,42,8,Basic,315.01,9,5,3,3.3,3,Low,No
1329,24,5,Basic,475.3,9,1,3,4.7,2,Low,No
1330,69,8,Plus,1029.42,5,1,1,1.2,1,Medium,No
1331,23,3,Basic,545.39,1,1,1,6.5,4,Low,No
1332,41,7,Premium,958.41,7,9,1,3.3,0,High,No
1333,50,8,Basic,634.91,10,0,3,5.4,0,Low,No
1334,66,3,Premium,769.7,10,4,0,5.9,3,High,No
1335,46,4,Basic,361.18,4,7,1,2.1,0,High,No
1336,60,7,Plus,463.1,9,1,2,7.1,4,High,No
1337,39,9,Basic,1161.48,6,4,0,5.1,1,Medium,No
1338,43,5,Basic,1101.12,3,7,2,3.7,1,Low,No
1339,45,6,Basic,887.05,6,9,0,1.9,2,High,No
1340,67,2,Plus,713.68,10,4,1,7.6,1,High,No
1341,38,6,Basic,908.19,6,1,5,6.2,3,Low,No
1342,66,7,Plus,856.75,5,2,4,2.1,4,Medium,No
1343,24,9,Premium,811.7,2,5,1,3.0,2,Medium,Yes
1344,34,5,Basic,353.26,10,4,3,6.6,3,High,No
1345,37,9,Plus,869.52,10,3,5,5.7,3,Medium,No
1346,58,8,Plus,992.03,2,3,3,6.2,3,Low,No
1347,66,5,Basic,1194.67,7,4,0,3.8,0,Medium,No
1348,37,8,Premium,309.97,2,1,3,5.9,3,Low,No
1349,39,3,Plus,957.16,6,8,5,3.4,0,High,No
1350,45,7,Basic,814.61,5,1,5,2.1,1,Low,No
1351,57,3,Premium,690.65,4,9,1,5.2,0,High,No
1352,66,1,Plus,414.81,7,1,2,7.8,3,Low,No
1353,24,9,Plus,668.18,8,9,1,2.8,4,Low,No
1354,18,8,Premium,618.94,4,8,0,4.0,4,Medium,Yes
1355,49,4,Premium,572.55,1,2,3,5.6,1,Low,No
1356,30,3,Basic,957.79,1,9,2,4.6,3,High,Yes
1357,47,1,Basic,930.65,1,6,4,6.8,0,Low,No
1358,40,0,Plus,830.12,1,3,5,6.2,4,High,No
1359,68,6,Premium,1144.8,5,5,2,0.9,2,High,No
1360,36,5,Premium,614.87,4,3,2,8.0,3,Low,No
1361,49,1,Premium,519.42,9,9,1,6.1,3,Medium,No
1362,47,7,Plus,890.31,3,6,4,7.0,2,Low,Yes
1363,46,3,Premium,478.93,7,0,5,5.4,4,Low,No
1364,66,7,Premium,583.51,8,2,0,6.9,2,Medium,No
1365,62,6,Plus,502.14,6,2,0,1.3,1,High,No
1366,46,4,Basic,362.24,10,0,2,3.1,0,Low,No
1367,47,9,Basic,1044.75,1,5,2,7.1,0,Medium,No
1368,33,9,Plus,529.09,8,8,3,2.0,4,Medium,No
1369,57,7,Premium,725.72,10,7,4,1.1,2,High,No
1370,36,8,Plus,338.98,3,6,5,6.4,3,Medium,Yes
1371,35,4,Basic,929.41,8,9,2,6.8,3,High,No
1372,18,9,Basic,597.5,4,7,3,1.7,3,Low,Yes
1373,31,4,Plus,970.26,8,5,4,6.9,1,Medium,No
1374,68,1,Plus,671.16,1,8,5,5.7,1,Low,No
1375,64,4,Basic,476.18,3,2,0,4.4,3,Medium,No
1376,67,2,Plus,761.86,6,9,3,6.7,4,Medium,No
1377,19,6,Basic,417.45,9,9,4,3.6,1,Low,No
1378,45,9,Plus,696.49,2,8,3,2.0,1,Medium,No
1379,66,4,Plus,585.57,1,3,2,2.6,0,Low,No
1380,67,7,Plus,1120.76,10,6,1,4.3,0,Low,No
1381,47,0,Basic,354.84,3,8,0,4.5,4,High,Yes
1382,55,2,Plus,924.62,4,1,2,6.5,1,Low,No
1383,68,2,Basic,464.48,5,1,2,6.4,1,High,No
1384,21,8,Basic,587.14,3,8,4,4.9,2,Low,Yes
1385,18,4,Plus,673.96,10,2,3,6.4,4,Medium,No
1386,25,8,Plus,1117.21,2,8,0,1.9,4,Low,Yes
1387,46,8,Basic,518.32,2,4,2,0.9,2,Medium,Yes
1388,56,0,Basic,382.18,7,5,4,7.1,2,High,No
1389,20,1,Premium,586.82,9,1,0,1.1,0,Medium,No
1390,49,4,Basic,394.21,10,7,3,2.4,4,Low,No
1391,27,3,Premium,415.74,2,8,2,5.7,4,Medium,Yes
1392,27,9,Premium,816.47,7,1,5,3.6,2,High,No
1393,36,8,Premium,354.81,7,5,2,7.1,3,Medium,No
1394,63,6,Plus,327.84,7,5,2,2.7,3,Medium,No
1395,51,5,Plus,942.97,3,7,0,0.6,0,Low,No
1396,50,6,Basic,625.48,7,9,0,2.8,3,Low,No
1397,40,0,Premium,412.84,1,4,0,4.8,3,Medium,Yes
1398,45,0,Plus,528.25,10,8,0,3.3,3,High,No
1399,49,7,Plus,877.88,1,0,4,4.5,1,Medium,No
1400,67,1,Plus,547.98,5,8,1,7.1,0,High,No
1401,24,9,Plus,745.07,2,9,4,7.3,2,High,Yes
1402,46,8,Plus,409.53,9,6,2,2.5,3,High,No
1403,25,6,Premium,829.28,7,3,4,4.0,1,Medium,No
1404,18,5,Premium,584.47,4,2,3,4.6,3,High,No
1405,20,0,Premium,864.27,4,9,5,7.6,1,Medium,No
1406,41,0,Premium,1027.56,2,5,0,8.0,0,High,No
1407,40,1,Basic,850.48,5,0,3,2.3,3,High,No
1408,25,5,Premium,566.17,4,2,5,6.0,1,Medium,No
1409,64,5,Plus,530.17,1,1,3,3.3,4,Low,No
1410,54,1,Premium,594.68,8,8,2,0.6,4,Low,No
1411,20,0,Basic,448.16,3,2,0,0.6,1,Medium,No
1412,68,9,Plus,463.05,6,1,3,4.0,3,Medium,No
1413,50,4,Premium,1011.62,4,3,2,4.2,3,Low,No
1414,45,4,Premium,646.26,9,1,0,0.7,0,Low,No
1415,64,1,Premium,692.4,7,0,1,5.7,0,Low,No
1416,25,5,Plus,834.64,9,5,2,2.7,2,Medium,No
1417,51,8,Plus,830.69,10,9,4,4.7,0,High,No
1418,52,1,Basic,360.64,3,7,0,2.8,3,Medium,Yes
1419,49,9,Plus,1048.39,1,9,3,1.8,2,Low,Yes
1420,41,1,Plus,459.59,5,9,5,3.6,0,High,No
1421,31,2,Premium,950.76,3,1,3,2.2,1,Medium,No
1422,49,6,Plus,995.4,6,8,4,4.5,4,Low,No
1423,63,5,Premium,943.41,8,2,4,2.0,0,Medium,No
1424,60,7,Premium,821.08,4,7,3,4.3,0,High,No
1425,33,7,Plus,313.15,5,7,5,1.7,1,Low,No
1426,21,5,Basic,624.34,5,2,0,5.5,3,Medium,No
1427,69,9,Basic,844.36,4,2,2,6.2,1,High,No
1428,54,2,Plus,648.71,4,5,4,1.3,0,High,No
1429,38,2,Basic,1077.13,4,0,4,4.0,3,Medium,No
1430,31,0,Premium,577.92,4,3,4,1.0,2,High,No
1431,48,6,Premium,564.18,4,0,5,5.0,0,Low,No
1432,65,4,Plus,539.4,5,2,1,2.5,1,High,No
1433,35,3,Basic,599.5,2,8,5,4.5,2,Medium,Yes
1434,24,9,Basic,801.66,2,4,0,4.4,4,Low,Yes
1435,27,3,Premium,936.31,9,4,0,7.4,2,High,No
1436,24,3,Plus,896.31,2,3,0,4.6,1,High,No
1437,50,5,Basic,1026.95,6,2,0,4.9,2,Low,No
1438,40,7,Plus,1097.32,2,4,0,3.5,1,Low,No
1439,38,7,Basic,1034.47,5,3,3,7.6,0,High,No
1440,36,4,Premium,317.05,4,7,4,6.3,3,Low,Yes
1441,65,5,Premium,962.33,7,3,5,2.6,4,Medium,No
1442,36,3,Plus,487.56,7,7,3,6.8,3,High,No
1443,53,8,Premium,419.64,6,5,5,3.7,3,Medium,No
1444,46,7,Basic,874.64,10,4,1,6.7,3,High,No
1445,35,9,Premium,587.77,5,3,2,6.7,1,Medium,No
1446,19,9,Plus,351.41,1,3,4,1.9,1,Medium,No
1447,18,0,Plus,423.87,3,3,1,5.8,4,Low,No
1448,64,1,Plus,300.84,9,8,3,2.7,1,High,No
1449,22,8,Basic,1112.9,1,3,2,2.7,1,Low,No
1450,37,7,Basic,322.16,5,8,1,2.7,1,Low,No
1451,28,2,Basic,488.51,2,9,5,5.9,1,High,No
1452,59,7,Basic,674.64,4,5,2,2.2,0,Medium,No
1453,19,0,Basic,620.91,1,9,5,0.5,4,High,Yes
1454,20,9,Premium,1120.55,3,6,1,5.9,1,High,No
1455,40,3,Basic,336.26,10,9,3,1.8,4,High,No
1456,29,2,Basic,760.99,7,2,5,1.3,2,Low,No
1457,37,5,Premium,912.43,10,7,2,2.3,0,High,No
1458,22,6,Basic,1138.53,3,2,1,3.3,1,High,No
1459,54,3,Plus,858.33,4,0,5,4.1,0,High,No
1460,55,6,Basic,1023.38,2,9,3,0.8,0,Medium,No
1461,47,8,Basic,375.35,3,4,4,7.8,2,Medium,Yes
1462,26,1,Plus,647.35,9,1,3,5.9,4,Medium,No
1463,51,2,Plus,636.55,3,9,3,2.9,0,Medium,No
1464,61,4,Plus,1097.66,5,5,4,2.9,3,Low,No
1465,52,2,Plus,436.23,2,9,3,3.9,2,Low,Yes
1466,69,7,Basic,436.7,4,8,4,5.2,3,High,Yes
1467,39,9,Plus,595.7,7,0,4,1.6,2,Low,No
1468,61,7,Plus,349.02,7,3,5,1.9,3,Medium,No
1469,41,7,Premium,464.21,3,0,5,6.9,3,High,No
1470,34,8,Plus,1168.69,5,0,4,2.4,0,High,No
1471,27,3,Plus,685.37,1,7,1,3.4,0,Medium,No
1472,47,4,Premium,868.82,10,1,2,7.0,2,Medium,No
1473,63,4,Premium,953.5,10,0,1,5.5,4,Medium,No
1474,40,7,Basic,630.27,10,7,4,3.1,0,Low,No
1475,49,6,Premium,432.5,1,3,2,5.6,0,High,No
1476,34,8,Basic,485.92,5,2,5,0.6,1,Medium,No
1477,67,7,Premium,581.94,10,3,2,6.0,0,High,No
1478,68,1,Premium,872.46,9,4,4,4.2,4,High,No
1479,34,9,Basic,658.45,1,0,5,6.6,1,Low,No
1480,31,3,Premium,306.13,1,0,2,7.7,3,High,No
1481,26,5,Basic,771.07,4,2,2,7.4,3,Medium,No
1482,57,1,Premium,1129.36,4,5,1,7.3,1,Medium,No
1483,19,6,Plus,1030.87,2,0,2,4.3,1,High,No
1484,62,2,Premium,1042.69,9,1,4,3.2,1,High,No
1485,42,2,Basic,1015.55,9,6,0,4.0,2,Low,No
1486,56,1,Premium,591.36,2,0,0,5.7,4,Medium,No
1487,26,7,Basic,988.67,9,6,0,7.1,4,Medium,No
1488,39,5,Basic,428.85,6,3,4,2.1,3,High,No
1489,60,0,Plus,891.94,8,9,0,7.4,3,High,No
1490,63,0,Plus,877.41,10,5,1,6.6,3,High,No
1491,21,6,Basic,323.01,4,7,4,7.8,0,Medium,No
1492,43,7,Premium,1009.17,2,8,5,7.1,3,High,Yes
1493,46,4,Basic,1112.92,2,5,4,2.6,1,Low,No
1494,62,4,Basic,540.67,9,8,4,1.3,3,Low,No
1495,51,3,Premium,1031.15,1,3,2,1.3,1,High,No
1496,40,5,Premium,374.17,7,5,2,2.7,2,Low,No
1497,54,5,Premium,839.97,3,7,2,5.1,0,Low,No
1498,28,2,Premium,737.08,3,8,3,6.5,0,Low,No
1499,23,8,Basic,791.33,2,2,1,7.2,4,Low,No
1500,35,6,Basic,1133.58,10,1,4,5.2,2,Low,No
